Time (us),Voltage (V)
0,32.96554106
0.5,32.9149649
1,32.90484966
1.5,32.86438874
2,32.8542735
2.5,32.76323642
3,32.74300595
3.5,32.65196886
4,32.58116224
4.5,32.51035562
5,32.42943376
5.5,32.38897283
6,32.31816621
6.5,32.28782051
7,32.26759005
7.5,32.21701389
8,32.19678342
8.5,32.16643773
9,32.14620726
9.5,32.08551587
10,32.04505495
10.5,31.97424832
11,31.92367216
11.5,31.86298077
12,31.80228938
12.5,31.78205891
13,31.73148275
13.5,31.69102183
14,31.68090659
14.5,31.67079136
15,31.64044567
15.5,31.59998474
16,31.53929335
16.5,31.51906288
17,31.47860195
17.5,31.43814103
18,31.34710394
18.5,31.33698871
19,31.31675824
19.5,31.28641255
20,31.21560592
20.5,31.22572115
21,31.17514499
21.5,31.18526023
22,31.13468407
22.5,31.12456883
23,31.09422314
23.5,31.06387744
24,31.02341651
24.5,31.00318605
25,30.98295559
25.5,30.94249466
26,30.95260989
26.5,30.8919185
27,30.8615728
27.5,30.84134234
28,30.80088141
28.5,30.78065095
29,30.78065095
29.5,30.76042048
30,30.73007479
30.5,30.70984432
31,30.67949863
31.5,30.62892247
32,30.6390377
32.5,30.58846154
33,30.58846154
33.5,30.54800061
34,30.51765491
34.5,30.52777015
35,30.48730922
35.5,30.48730922
36,30.47719399
36.5,30.43673306
37,30.44684829
37.5,30.3861569
38,30.39627213
38.5,30.36592643
39,30.33558074
39.5,30.32546551
40,30.31535027
40.5,30.31535027
41,30.26477411
41.5,30.30523504
42,30.23442842
42.5,30.28500458
43,30.23442842
43.5,30.23442842
44,30.20408272
44.5,30.18385226
45,30.17373703
45.5,30.17373703
46,30.15350656
46.5,30.11304563
47,30.12316087
47.5,30.12316087
48,30.1332761
48.5,30.05235424
49,30.15350656
49.5,30.07258471
50,30.06246947
50.5,30.02200855
51,30.06246947
51.5,30.00177808
52,30.04223901
52.5,29.98154762
53,30.02200855
53.5,30.01189332
54,29.98154762
54.5,29.98154762
55,29.97143239
55.5,29.97143239
56,29.96131716
56.5,29.94108669
57,29.93097146
57.5,29.910741
58,29.89051053
58.5,29.89051053
59,29.8803953
59.5,29.8803953
60,29.8803953
60.5,29.8803953
61,29.8500496
61.5,29.83993437
62,28.32264957
62.5,24.90370116
63,22.69858059
63.5,20.49346001
64,20.65530372
64.5,21.41394612
65,21.20152625
65.5,21.25210241
66,21.17118056
66.5,21.15095009
67,21.17118056
67.5,21.17118056
68,21.18129579
68.5,21.16106532
69,21.20152625
69.5,21.17118056
70,21.21164148
70.5,21.20152625
71,21.18129579
71.5,21.20152625
72,21.20152625
72.5,21.21164148
73,21.21164148
73.5,21.18129579
74,21.20152625
74.5,21.20152625
75,21.20152625
75.5,21.18129579
76,21.20152625
76.5,21.20152625
77,21.18129579
77.5,21.21164148
78,21.18129579
78.5,21.18129579
79,21.18129579
79.5,21.15095009
80,21.16106532
80.5,21.19141102
81,21.14083486
81.5,21.15095009
82,21.15095009
82.5,21.18129579
83,21.14083486
83.5,21.15095009
84,21.13071963
84.5,21.15095009
85,21.13071963
85.5,21.13071963
86,21.0902587
86.5,21.14083486
87,21.0902587
87.5,21.1206044
88,21.08014347
88.5,21.11048916
89,21.10037393
89.5,21.08014347
90,21.0902587
90.5,21.059913
91,21.10037393
91.5,21.1206044
92,21.059913
92.5,21.04979777
93,21.059913
93.5,21.059913
94,21.03968254
94.5,21.03968254
95,21.03968254
95.5,21.01945208
96,21.00933684
96.5,20.99922161
97,21.059913
97.5,21.00933684
98,21.00933684
98.5,20.99922161
99,21.01945208
99.5,20.97899115
100,20.98910638
100.5,20.97899115
101,20.97899115
101.5,20.97899115
102,20.97899115
102.5,22.01074481
103,25.04531441
103.5,27.54377671
104,29.18244429
104.5,30.58846154
105,31.1144536
105.5,31.98436355
106,32.51035562
106.5,32.79358211
107,33.29934371
107.5,33.51176358
108,33.75452915
108.5,33.94671856
109,34.1490232
109.5,34.32098214
110,34.46259539
110.5,34.57386294
111,34.67501526
111.5,34.77616758
112,34.82674374
112.5,34.83685897
113,34.83685897
113.5,34.86720467
114,34.82674374
114.5,34.84697421
115,34.76605235
115.5,34.78628281
116,34.70536096
116.5,34.68513049
117,34.6547848
117.5,34.57386294
118,34.53340201
118.5,34.47271062
119,34.44236493
119.5,34.35132784
120,34.30075168
120.5,34.25017552
121,34.16925366
121.5,34.12879274
122,34.05798611
122.5,34.02764042
123,33.91637286
123.5,33.8961424
124,33.84556624
124.5,33.75452915
125,33.70395299
125.5,33.6432616
126,33.60280067
126.5,33.53199405
127,33.48141789
127.5,33.50164835
128,33.40049603
128.5,33.30945894
129,33.30945894
129.5,33.19819139
130,33.19819139
130.5,33.1071543
131,33.05657814
131.5,32.97565629
132,32.96554106
132.5,32.9149649
133,32.83404304
133.5,32.79358211
134,32.74300595
134.5,32.71266026
135,32.67219933
135.5,32.59127747
136,32.59127747
136.5,32.51035562
137,32.45977946
137.5,32.42943376
138,32.36874237
138.5,32.31816621
139,32.26759005
139.5,32.23724435
140,32.18666819
140.5,32.17655296
141,32.10574634
141.5,32.11586157
142,32.03493971
142.5,32.01470925
143,31.97424832
143.5,31.93378739
144,31.873096
144.5,31.84275031
145,31.85286554
145.5,31.76182845
146,31.81240461
146.5,31.71125229
147,31.70113706
147.5,31.64044567
148,31.6202152
148.5,31.59998474
149,31.55952381
149.5,31.54940858
150,31.51906288
150.5,31.47860195
151,31.43814103
151.5,31.40779533
152,31.35721917
152.5,31.35721917
153,31.31675824
153.5,31.30664301
154,31.25606685
154.5,31.24595162
155,31.19537546
155.5,31.18526023
156,31.17514499
156.5,31.1447993
157,31.1144536
157.5,31.1144536
158,31.06387744
158.5,31.04364698
159,31.01330128
159.5,31.01330128
160,30.97284035
160.5,30.96272512
161,30.90203373
161.5,30.92226419
162,30.87168803
162.5,30.84134234
163,30.84134234
163.5,30.82111187
164,30.79076618
164.5,30.75030525
165,30.76042048
165.5,30.76042048
166,30.73007479
166.5,30.71995955
167,30.71995955
167.5,30.67949863
168,30.68961386
168.5,30.6390377
169,30.64915293
169.5,30.59857677
170,30.58846154
170.5,30.59857677
171,30.53788538
171.5,30.55811584
172,30.52777015
172.5,30.54800061
173,30.49742445
173.5,30.49742445
174,30.47719399
174.5,30.47719399
175,30.44684829
175.5,30.45696352
176,30.42661783
176.5,30.43673306
177,30.3861569
177.5,30.40638736
178,30.36592643
178.5,30.3861569
179,30.34569597
179.5,30.34569597
180,30.30523504
180.5,30.34569597
181,30.34569597
181.5,30.30523504
182,30.28500458
182.5,30.29511981
183,30.28500458
183.5,30.26477411
184,30.24454365
184.5,30.23442842
185,30.20408272
185.5,30.20408272
186,30.18385226
186.5,30.16362179
187,28.49460852
187.5,24.73174222
188,22.79973291
188.5,20.73622558
189,20.47322955
189.5,21.40383089
190,21.23187195
190.5,21.25210241
191,21.16106532
191.5,21.1206044
192,21.17118056
192.5,21.18129579
193,21.18129579
193.5,21.17118056
194,21.14083486
194.5,21.17118056
195,21.17118056
195.5,21.20152625
196,21.20152625
196.5,21.16106532
197,21.18129579
197.5,21.20152625
198,21.18129579
198.5,21.20152625
199,21.17118056
199.5,21.18129579
200,21.17118056
200.5,21.18129579
201,21.19141102
201.5,21.14083486
202,21.18129579
202.5,21.16106532
203,21.18129579
203.5,21.16106532
204,21.17118056
204.5,21.17118056
205,21.17118056
205.5,21.16106532
206,21.16106532
206.5,21.16106532
207,21.16106532
207.5,21.13071963
208,21.13071963
208.5,21.14083486
209,21.13071963
209.5,21.14083486
210,21.13071963
210.5,21.11048916
211,21.16106532
211.5,21.10037393
212,21.0902587
212.5,21.11048916
213,21.1206044
213.5,21.059913
214,21.10037393
214.5,21.07002824
215,21.059913
215.5,21.07002824
216,21.059913
216.5,21.059913
217,21.059913
217.5,21.059913
218,21.059913
218.5,21.03968254
219,21.04979777
219.5,21.01945208
220,21.00933684
220.5,21.01945208
221,21.00933684
221.5,21.01945208
222,21.00933684
222.5,20.97899115
223,20.99922161
223.5,20.99922161
224,20.98910638
224.5,21.059913
225,20.97899115
225.5,20.97899115
226,20.95876068
226.5,20.96887592
227,20.96887592
227.5,22.12201236
228,25.16669719
228.5,27.74608135
229,29.41509463
229.5,30.71995955
230,31.32687347
230.5,32.1259768
231,32.53058608
231.5,33.44095696
232,33.51176358
232.5,33.8657967
233,34.09844704
233.5,34.28052121
234,34.49294109
234.5,34.66490003
235,34.78628281
235.5,34.89755037
236,34.96835699
236.5,35.04927885
237,35.07962454
237.5,35.08973977
238,35.10997024
238.5,35.1302007
239,35.09985501
239.5,35.08973977
240,35.01893315
240.5,35.01893315
241,35.00881792
241.5,34.92789606
242,34.88743513
242.5,34.82674374
243,34.72559142
243.5,34.73570665
244,34.63455433
244.5,34.60420864
245,34.51317155
245.5,34.50305632
246,34.39178877
246.5,34.38167353
247,34.30075168
247.5,34.25017552
248,34.20971459
248.5,34.13890797
249,34.10856227
249.5,33.99729472
250,34.00740995
250.5,33.87591194
251,33.84556624
251.5,33.78487485
252,33.74441392
252.5,33.60280067
253,33.63314637
253.5,33.54210928
254,33.50164835
254.5,33.41061126
255,33.38026557
255.5,33.30945894
256,33.28922848
256.5,33.20830662
257,33.1678457
257.5,33.12738477
258,33.06669338
258.5,33.04646291
259,32.95542582
259.5,32.89473443
260,32.8542735
260.5,32.81381258
261,32.77335165
261.5,32.70254502
262,32.67219933
262.5,32.6317384
263,32.57104701
263.5,32.53058608
264,32.51035562
264.5,32.45977946
265,32.41931853
265.5,32.38897283
266,32.33839667
266.5,32.28782051
267,32.23724435
267.5,32.20689866
268,32.13609203
268.5,32.14620726
269,32.07540064
269.5,32.06528541
270,32.00459402
270.5,31.99447879
271,31.92367216
271.5,31.93378739
272,31.86298077
272.5,31.85286554
273,31.81240461
273.5,31.78205891
274,31.72136752
274.5,31.70113706
275,31.68090659
275.5,31.6202152
276,31.63033043
276.5,31.54940858
277,31.58986951
277.5,31.50894765
278,31.47860195
278.5,31.46848672
279,31.45837149
279.5,31.3976801
280,31.42802579
280.5,31.37744963
281,31.33698871
281.5,31.29652778
282,31.26618208
282.5,31.24595162
283,31.21560592
283.5,31.20549069
284,31.15491453
284.5,31.16502976
285,31.13468407
285.5,31.09422314
286,31.08410791
286.5,31.05376221
287,31.04364698
287.5,31.01330128
288,30.98295559
288.5,30.97284035
289,30.95260989
289.5,30.95260989
290,30.91214896
290.5,30.8919185
291,30.8615728
291.5,30.85145757
292,30.82111187
292.5,30.79076618
293,30.80088141
293.5,30.81099664
294,30.77053571
294.5,30.76042048
295,30.75030525
295.5,30.74019002
296,30.69972909
296.5,30.69972909
297,30.68961386
297.5,30.66938339
298,30.62892247
298.5,30.61880723
299,30.6390377
299.5,30.61880723
300,30.57834631
300.5,30.58846154
301,30.56823107
301.5,30.54800061
302,30.53788538
302.5,30.52777015
303,30.51765491
303.5,30.51765491
304,30.46707875
304.5,30.47719399
305,30.43673306
305.5,30.45696352
306,30.43673306
306.5,30.39627213
307,30.40638736
307.5,30.3558112
308,30.37604167
308.5,30.34569597
309,30.36592643
309.5,30.32546551
310,30.3558112
310.5,30.30523504
311,30.32546551
311.5,30.24454365
312,28.49460852
312.5,24.40805479
313,22.74915675
313.5,20.78680174
314,20.45299908
314.5,21.39371566
315,21.22175672
315.5,21.22175672
316,21.18129579
316.5,21.14083486
317,21.16106532
317.5,21.23187195
318,21.15095009
318.5,21.18129579
319,21.15095009
319.5,21.15095009
320,21.18129579
320.5,21.18129579
321,21.19141102
321.5,21.27233288
322,21.18129579
322.5,21.20152625
323,21.18129579
323.5,21.18129579
324,21.17118056
324.5,21.21164148
325,21.19141102
325.5,21.17118056
326,21.20152625
326.5,21.20152625
327,21.19141102
327.5,21.18129579
328,21.17118056
328.5,21.18129579
329,21.15095009
329.5,21.1206044
330,21.18129579
330.5,21.18129579
331,21.16106532
331.5,21.13071963
332,21.14083486
332.5,21.15095009
333,21.13071963
333.5,21.11048916
334,21.15095009
334.5,21.1206044
335,21.10037393
335.5,21.0902587
336,21.14083486
336.5,21.0902587
337,21.1206044
337.5,21.0902587
338,21.08014347
338.5,21.10037393
339,21.10037393
339.5,21.059913
340,21.03968254
340.5,21.08014347
341,21.07002824
341.5,21.059913
342,21.04979777
342.5,21.059913
343,21.01945208
343.5,21.08014347
344,21.01945208
344.5,21.059913
345,21.02956731
345.5,21.02956731
346,21.02956731
346.5,21.00933684
347,21.00933684
347.5,21.00933684
348,20.97899115
348.5,20.99922161
349,21.02956731
349.5,20.96887592
350,20.97899115
350.5,20.96887592
351,20.97899115
351.5,20.95876068
352,20.97899115
352.5,22.23327991
353,25.27796474
353.5,27.87757937
354,29.53647741
354.5,30.91214896
355,31.3673344
355.5,32.20689866
356,33.41061126
356.5,33.15773046
357,33.77475962
357.5,33.9264881
358,34.22994505
358.5,34.42213446
359,34.6244391
359.5,34.75593712
360,34.89755037
360.5,34.96835699
361,35.14031593
361.5,35.15043117
362,35.17066163
362.5,35.23135302
363,35.21112256
363.5,35.20100733
364,35.21112256
364.5,35.14031593
365,35.14031593
365.5,35.07962454
366,35.05939408
366.5,34.99870269
367,34.95824176
367.5,34.88743513
368,34.83685897
368.5,34.80651328
369,34.74582189
369.5,34.67501526
370,34.67501526
370.5,34.53340201
371,34.52328678
371.5,34.45248016
372,34.39178877
372.5,34.30075168
373,34.25017552
373.5,34.19959936
374,34.12879274
374.5,34.08833181
375,34.00740995
375.5,33.97706426
376,33.91637286
376.5,33.83545101
377,33.82533578
377.5,33.75452915
378,33.70395299
378.5,33.63314637
379,33.55222451
379.5,33.50164835
380,33.45107219
380.5,33.40049603
381,33.31957418
381.5,33.28922848
382,33.23865232
382.5,33.17796093
383,33.11726954
383.5,33.09703907
384,33.02623245
384.5,32.98577152
385,32.93519536
385.5,32.89473443
386,32.83404304
386.5,32.80369734
387,32.76323642
387.5,32.69242979
388,32.6317384
388.5,32.59127747
389,32.56093178
389.5,32.51035562
390,32.46989469
390.5,32.41931853
391,32.41931853
391.5,32.35862714
392,32.29793574
392.5,32.29793574
393,32.21701389
393.5,32.18666819
394,32.14620726
394.5,32.1259768
395,32.05517018
395.5,31.98436355
396,32.00459402
396.5,31.96413309
397,31.94390263
397.5,31.89332647
398,31.83263507
398.5,31.85286554
399,31.78205891
399.5,31.75171322
400,31.76182845
400.5,31.70113706
401,31.69102183
401.5,31.63033043
402,31.59998474
402.5,31.58986951
403,31.54940858
403.5,31.52917811
404,31.47860195
404.5,31.46848672
405,31.43814103
405.5,31.3976801
406,31.34710394
406.5,31.3673344
407,31.32687347
407.5,31.33698871
408,31.23583639
408.5,31.26618208
409,31.21560592
409.5,31.23583639
410,31.15491453
410.5,31.15491453
411,31.12456883
411.5,31.1144536
412,31.05376221
412.5,31.06387744
413,31.04364698
413.5,31.02341651
414,30.98295559
414.5,31.03353175
415,30.92226419
415.5,30.95260989
416,30.92226419
416.5,30.90203373
417,30.8919185
417.5,30.87168803
418,30.85145757
418.5,30.8919185
419,30.80088141
419.5,30.82111187
420,30.78065095
420.5,30.80088141
421,30.76042048
421.5,30.74019002
422,30.73007479
422.5,30.69972909
423,30.69972909
423.5,30.66938339
424,30.66938339
424.5,30.62892247
425,30.61880723
425.5,30.61880723
426,30.59857677
426.5,30.58846154
427,30.58846154
427.5,30.57834631
428,30.50753968
428.5,30.55811584
429,30.52777015
429.5,30.49742445
430,30.49742445
430.5,30.48730922
431,30.45696352
431.5,30.46707875
432,30.44684829
432.5,30.44684829
433,30.41650259
433.5,30.39627213
434,30.3861569
434.5,30.3861569
435,30.37604167
435.5,30.3558112
436,30.36592643
436.5,30.26477411
437,28.3934562
437.5,23.92252366
438,22.59742827
438.5,20.75645604
439,20.47322955
439.5,21.43417659
440,21.25210241
440.5,21.23187195
441,21.17118056
441.5,21.15095009
442,21.22175672
442.5,21.15095009
443,21.18129579
443.5,21.18129579
444,21.19141102
444.5,21.18129579
445,21.20152625
445.5,21.20152625
446,21.19141102
446.5,21.19141102
447,21.19141102
447.5,21.20152625
448,21.21164148
448.5,21.23187195
449,21.18129579
449.5,21.20152625
450,21.22175672
450.5,21.19141102
451,21.18129579
451.5,21.22175672
452,21.18129579
452.5,21.18129579
453,21.19141102
453.5,21.17118056
454,21.18129579
454.5,21.16106532
455,21.20152625
455.5,21.20152625
456,21.14083486
456.5,21.18129579
457,21.16106532
457.5,21.1206044
458,21.14083486
458.5,21.17118056
459,21.15095009
459.5,21.10037393
460,21.15095009
460.5,21.14083486
461,21.13071963
461.5,21.0902587
462,21.14083486
462.5,21.1206044
463,21.1206044
463.5,21.08014347
464,21.11048916
464.5,21.0902587
465,21.08014347
465.5,21.0902587
466,21.07002824
466.5,21.08014347
467,21.059913
467.5,21.08014347
468,21.04979777
468.5,21.059913
469,21.059913
469.5,21.04979777
470,21.059913
470.5,21.03968254
471,21.03968254
471.5,21.04979777
472,20.97899115
472.5,21.00933684
473,20.99922161
473.5,21.01945208
474,20.97899115
474.5,21.01945208
475,21.01945208
475.5,20.95876068
476,20.98910638
476.5,20.99922161
477,20.96887592
477.5,22.37489316
478,25.37911706
478.5,27.97873168
479,29.66797543
479.5,30.78065095
480,31.67079136
480.5,32.33839667
481,32.84415827
481.5,33.32968941
482,33.74441392
482.5,34.02764042
483,34.24006029
483.5,34.45248016
484,34.6547848
484.5,34.78628281
485,34.89755037
485.5,34.99870269
486,35.09985501
486.5,35.15043117
487,35.20100733
487.5,35.21112256
488,35.25158349
488.5,35.23135302
489,35.22123779
489.5,35.20100733
490,35.17066163
490.5,35.14031593
491,35.05939408
491.5,35.02904838
492,35.00881792
492.5,34.93801129
493,34.85708944
493.5,34.81662851
494,34.76605235
494.5,34.71547619
495,34.61432387
495.5,34.58397817
496,34.52328678
496.5,34.48282585
497,34.47271062
497.5,34.35132784
498,34.27040598
498.5,34.24006029
499,34.15913843
499.5,34.1186775
500,34.05798611
500.5,33.97706426
501,33.94671856
501.5,33.85568147
502,33.79499008
502.5,33.77475962
503,33.6736073
503.5,33.66349206
504,33.57245498
504.5,33.57245498
505,33.45107219
505.5,33.4207265
506,33.38026557
506.5,33.30945894
507,33.25888278
507.5,33.18807616
508,33.1678457
508.5,33.1071543
509,33.05657814
509.5,32.98577152
510,32.94531059
510.5,32.9149649
511,32.84415827
511.5,32.82392781
512,32.74300595
512.5,32.72277549
513,32.65196886
513.5,32.62162317
514,32.57104701
514.5,32.55081654
515,32.46989469
515.5,32.4092033
516,32.38897283
516.5,32.36874237
517,32.31816621
517.5,32.26759005
518,32.25747482
518.5,32.20689866
519,32.16643773
519.5,32.14620726
520,32.10574634
520.5,32.05517018
521,32.04505495
521.5,31.97424832
522,31.97424832
522.5,31.91355693
523,31.92367216
523.5,31.84275031
524,31.83263507
524.5,31.77194368
525,31.75171322
525.5,31.72136752
526,31.68090659
526.5,31.69102183
527,31.61009997
527.5,31.59998474
528,31.54940858
528.5,31.54940858
529,31.49883242
529.5,31.49883242
530,31.44825626
530.5,31.40779533
531,31.35721917
531.5,31.37744963
532,31.30664301
532.5,31.29652778
533,31.28641255
533.5,31.25606685
534,31.23583639
534.5,31.21560592
535,31.21560592
535.5,31.1447993
536,31.16502976
536.5,31.1447993
537,31.12456883
537.5,31.07399267
538,31.05376221
538.5,31.05376221
539,31.00318605
539.5,30.98295559
540,30.97284035
540.5,30.94249466
541,31.01330128
541.5,30.93237943
542,30.90203373
542.5,30.90203373
543,30.8615728
543.5,30.84134234
544,30.84134234
544.5,30.79076618
545,30.80088141
545.5,30.80088141
546,30.75030525
546.5,30.74019002
547,30.73007479
547.5,30.70984432
548,30.70984432
548.5,30.68961386
549,30.64915293
549.5,30.67949863
550,30.61880723
550.5,30.62892247
551,30.59857677
551.5,30.608692
552,30.57834631
552.5,30.58846154
553,30.56823107
553.5,30.55811584
554,30.55811584
554.5,30.52777015
555,30.49742445
555.5,30.51765491
556,30.46707875
556.5,30.45696352
557,30.46707875
557.5,30.44684829
558,30.42661783
558.5,30.41650259
559,30.40638736
559.5,30.39627213
560,30.3861569
560.5,30.36592643
561,30.3558112
561.5,30.36592643
562,30.34569597
562.5,30.33558074
563,30.29511981
563.5,30.29511981
564,30.26477411
564.5,30.28500458
565,30.26477411
565.5,30.26477411
566,30.24454365
566.5,30.24454365
567,30.25465888
567.5,30.20408272
568,30.21419795
568.5,30.18385226
569,30.12316087
569.5,30.20408272
570,30.16362179
570.5,30.15350656
571,30.16362179
571.5,30.08269994
572,30.15350656
572.5,30.11304563
573,30.11304563
573.5,30.09281517
574,30.12316087
574.5,30.06246947
575,30.08269994
575.5,30.08269994
576,30.06246947
576.5,30.03212378
577,30.03212378
577.5,30.02200855
578,30.01189332
578.5,30.00177808
579,29.98154762
579.5,29.99166285
580,29.96131716
580.5,29.98154762
581,29.96131716
581.5,29.96131716
582,29.94108669
582.5,29.95120192
583,29.94108669
583.5,29.910741
584,29.910741
584.5,29.910741
585,29.90062576
585.5,29.86016484
586,29.910741
586.5,29.86016484
587,29.86016484
587.5,29.8500496
588,29.8500496
588.5,29.86016484
589,29.81970391
589.5,29.81970391
590,29.81970391
590.5,29.80958868
591,29.79947344
591.5,29.78935821
592,29.76912775
592.5,29.74889728
593,29.76912775
593.5,29.75901252
594,29.82981914
594.5,29.74889728
595,29.73878205
595.5,29.74889728
596,29.71855159
596.5,29.73878205
597,29.72866682
597.5,29.70843636
598,29.69832112
598.5,29.70843636
599,29.68820589
599.5,29.68820589
600,29.67809066
600.5,29.6578602
601,29.67809066
601.5,29.6578602
602,29.60728404
602.5,29.67809066
603,29.6578602
603.5,29.58705357
604,29.6578602
604.5,29.58705357
605,29.64774496
605.5,29.56682311
606,29.58705357
606.5,29.56682311
607,29.57693834
607.5,29.5971688
608,29.54659264
608.5,29.55670788
609,29.55670788
609.5,29.54659264
610,29.56682311
610.5,29.53647741
611,29.52636218
611.5,29.51624695
612,29.55670788
612.5,29.48590125
613,29.49601648
613.5,29.52636218
614,29.49601648
614.5,29.48590125
615,29.49601648
615.5,29.48590125
616,29.46567079
616.5,29.46567079
617,29.46567079
617.5,29.47578602
618,29.44544032
618.5,29.44544032
619,29.47578602
619.5,29.43532509
620,29.45555556
620.5,29.44544032
621,29.44544032
621.5,29.41509463
622,29.38474893
622.5,29.42520986
623,29.38474893
623.5,29.39486416
624,29.39486416
624.5,29.38474893
625,29.38474893
625.5,29.39486416
626,29.38474893
626.5,29.4049794
627,29.3746337
627.5,29.36451847
628,29.35440324
628.5,29.344288
629,29.33417277
629.5,29.344288
630,29.36451847
630.5,29.31394231
631,29.36451847
631.5,29.32405754
632,29.33417277
632.5,29.33417277
633,29.31394231
633.5,29.32405754
634,29.33417277
634.5,29.29371184
635,29.344288
635.5,29.24313568
636,29.32405754
636.5,29.25325092
637,29.31394231
637.5,29.23302045
638,29.30382708
638.5,29.25325092
639,29.26336615
639.5,29.28359661
640,29.24313568
640.5,29.26336615
641,29.26336615
641.5,29.26336615
642,29.25325092
642.5,29.25325092
643,29.24313568
643.5,29.24313568
644,29.21278999
644.5,29.23302045
645,29.21278999
645.5,29.22290522
646,29.20267476
646.5,29.21278999
647,29.22290522
647.5,29.20267476
648,29.22290522
648.5,29.19255952
649,29.21278999
649.5,29.1520986
650,29.21278999
650.5,29.18244429
651,29.22290522
651.5,29.14198336
652,29.20267476
652.5,29.16221383
653,29.18244429
653.5,29.16221383
654,29.18244429
654.5,29.1217529
655,29.18244429
655.5,29.1520986
656,29.13186813
656.5,29.17232906
657,29.17232906
657.5,29.17232906
658,29.13186813
658.5,29.1520986
659,29.1520986
659.5,29.1217529
660,29.14198336
660.5,29.1217529
661,29.16221383
661.5,29.1217529
662,29.11163767
662.5,29.11163767
663,29.11163767
663.5,29.10152244
664,29.1217529
664.5,29.1217529
665,29.11163767
665.5,29.0914072
666,29.10152244
666.5,29.0914072
667,29.11163767
667.5,29.08129197
668,29.01048535
668.5,29.08129197
669,29.07117674
669.5,29.11163767
670,29.03071581
670.5,29.08129197
671,29.07117674
671.5,29.0914072
672,29.05094628
672.5,29.20267476
673,29.05094628
673.5,29.08129197
674,29.06106151
674.5,29.07117674
675,29.07117674
675.5,29.07117674
676,29.05094628
676.5,29.03071581
677,29.06106151
677.5,29.05094628
678,29.05094628
678.5,29.03071581
679,29.04083104
679.5,29.06106151
680,29.03071581
680.5,29.03071581
681,29.06106151
681.5,29.02060058
682,29.03071581
682.5,29.03071581
683,29.01048535
683.5,29.03071581
684,29.02060058
684.5,29.01048535
685,29.00037012
685.5,29.02060058
686,29.00037012
686.5,29.04083104
687,29.02060058
687.5,29.01048535
688,29.01048535
688.5,29.02060058
689,28.98013965
689.5,29.02060058
690,29.01048535
690.5,29.00037012
691,28.98013965
691.5,28.94979396
692,29.04083104
692.5,28.95990919
693,29.00037012
693.5,29.01048535
694,29.00037012
694.5,28.95990919
695,29.00037012
695.5,28.98013965
696,28.97002442
696.5,28.99025488
697,28.98013965
697.5,28.97002442
698,28.97002442
698.5,28.99025488
699,28.95990919
699.5,28.94979396
700,28.95990919
700.5,28.98013965
701,28.98013965
701.5,28.94979396
702,28.97002442
702.5,28.93967872
703,28.94979396
703.5,28.94979396
704,28.94979396
704.5,28.97002442
705,28.93967872
705.5,28.95990919
706,28.93967872
706.5,28.94979396
707,28.93967872
707.5,28.92956349
708,28.92956349
708.5,28.94979396
709,28.93967872
709.5,28.98013965
710,28.93967872
710.5,28.92956349
711,28.95990919
711.5,28.92956349
712,28.91944826
712.5,28.93967872
713,28.88910256
713.5,28.93967872
714,28.91944826
714.5,28.90933303
715,28.93967872
715.5,28.91944826
716,28.91944826
716.5,28.93967872
717,28.91944826
717.5,28.92956349
718,28.91944826
718.5,28.92956349
719,28.91944826
719.5,28.91944826
720,28.90933303
720.5,28.90933303
721,28.95990919
721.5,28.90933303
722,28.8992178
722.5,28.90933303
723,28.91944826
723.5,28.8992178
724,28.88910256
724.5,28.90933303
725,28.8992178
725.5,28.88910256
726,28.88910256
726.5,28.8992178
727,28.90933303
727.5,28.8688721
728,28.88910256
728.5,28.88910256
729,28.8992178
729.5,28.88910256
730,28.88910256
730.5,28.8992178
731,28.90933303
731.5,28.8688721
732,28.92956349
732.5,28.8688721
733,28.87898733
733.5,28.87898733
734,28.88910256
734.5,28.82841117
735,28.90933303
735.5,28.88910256
736,28.8385264
736.5,28.8992178
737,28.87898733
737.5,28.8992178
738,28.88910256
738.5,28.87898733
739,28.8992178
739.5,28.8385264
740,28.8688721
740.5,28.88910256
741,28.87898733
741.5,28.84864164
742,28.8385264
742.5,28.87898733
743,28.8385264
743.5,28.84864164
744,28.88910256
744.5,28.84864164
745,28.85875687
745.5,28.8688721
746,28.85875687
746.5,28.84864164
747,28.85875687
747.5,28.85875687
748,28.8688721
748.5,28.84864164
749,28.85875687
749.5,28.84864164
750,28.84864164
750.5,28.8385264
751,28.97002442
751.5,28.85875687
752,28.84864164
752.5,28.8688721
753,28.84864164
753.5,28.8688721
754,28.84864164
754.5,28.85875687
755,28.84864164
755.5,28.84864164
756,28.84864164
756.5,28.8385264
757,28.8385264
757.5,28.84864164
758,28.85875687
758.5,28.85875687
759,28.81829594
759.5,28.84864164
760,28.8385264
760.5,28.81829594
761,28.8385264
761.5,28.84864164
762,28.84864164
762.5,28.81829594
763,28.84864164
763.5,28.8385264
764,28.8385264
764.5,28.8385264
765,28.82841117
765.5,28.84864164
766,28.76771978
766.5,28.85875687
767,28.81829594
767.5,28.79806548
768,28.85875687
768.5,28.80818071
769,28.8385264
769.5,28.79806548
770,28.85875687
770.5,28.82841117
771,28.81829594
771.5,28.82841117
772,28.84864164
772.5,28.82841117
773,28.84864164
773.5,28.80818071
774,28.80818071
774.5,28.80818071
775,28.8385264
775.5,28.81829594
776,28.78795024
776.5,28.84864164
777,28.81829594
777.5,28.80818071
778,28.82841117
778.5,28.84864164
779,28.80818071
779.5,28.80818071
780,28.81829594
780.5,28.81829594
781,28.80818071
781.5,28.82841117
782,28.77783501
782.5,28.84864164
783,28.79806548
783.5,28.82841117
784,28.81829594
784.5,28.81829594
785,28.80818071
785.5,28.80818071
786,28.80818071
786.5,28.81829594
787,28.82841117
787.5,28.77783501
788,28.82841117
788.5,28.80818071
789,28.80818071
789.5,28.78795024
790,28.77783501
790.5,28.80818071
791,28.81829594
791.5,28.81829594
792,28.79806548
792.5,28.81829594
793,28.78795024
793.5,28.81829594
794,28.79806548
794.5,28.79806548
795,28.80818071
795.5,28.81829594
796,28.78795024
796.5,28.81829594
797,28.77783501
797.5,28.77783501
798,28.80818071
798.5,28.79806548
799,28.77783501
799.5,28.88910256
800,28.80818071
800.5,28.77783501
801,28.81829594
801.5,28.77783501
802,28.8385264
802.5,28.77783501
803,28.80818071
803.5,28.79806548
804,28.78795024
804.5,28.76771978
805,28.78795024
805.5,28.80818071
806,28.78795024
806.5,28.81829594
807,28.79806548
807.5,28.78795024
808,28.80818071
808.5,28.78795024
809,28.81829594
809.5,28.75760455
810,28.81829594
810.5,28.75760455
811,28.78795024
811.5,28.65645223
812,26.83571047
812.5,23.20434219
813,21.92982295
813.5,20.40242292
814,21.58590507
814.5,21.43417659
815,21.25210241
815.5,21.32290904
816,21.26221764
816.5,21.28244811
817,21.3127938
817.5,21.30267857
818,21.30267857
818.5,21.29256334
819,21.29256334
819.5,21.29256334
820,21.33302427
820.5,21.29256334
821,21.30267857
821.5,21.30267857
822,21.33302427
822.5,21.29256334
823,21.3127938
823.5,21.30267857
824,21.33302427
824.5,21.30267857
825,21.22175672
825.5,21.29256334
826,21.30267857
826.5,21.30267857
827,21.30267857
827.5,21.30267857
828,21.30267857
828.5,21.30267857
829,21.27233288
829.5,21.36336996
830,21.27233288
830.5,21.29256334
831,21.27233288
831.5,21.27233288
832,21.25210241
832.5,21.30267857
833,21.19141102
833.5,21.26221764
834,21.22175672
834.5,21.27233288
835,21.20152625
835.5,21.25210241
836,21.20152625
836.5,21.24198718
837,21.22175672
837.5,21.21164148
838,21.20152625
838.5,21.21164148
839,21.20152625
839.5,21.20152625
840,21.18129579
840.5,21.19141102
841,21.18129579
841.5,21.16106532
842,21.16106532
842.5,21.16106532
843,21.16106532
843.5,21.18129579
844,21.15095009
844.5,21.13071963
845,21.15095009
845.5,21.15095009
846,21.1206044
846.5,21.14083486
847,21.1206044
847.5,21.10037393
848,21.18129579
848.5,21.10037393
849,21.1206044
849.5,21.08014347
850,21.10037393
850.5,21.0902587
851,21.04979777
851.5,21.1206044
852,21.07002824
852.5,22.84019383
853,25.63199786
853.5,27.6348138
854,28.95990919
854.5,30.17373703
855,30.65926816
855.5,31.05376221
856,31.63033043
856.5,32.1259768
857,32.36874237
857.5,32.69242979
858,32.86438874
858.5,33.07680861
859,33.25888278
859.5,33.41061126
860,33.58257021
860.5,33.66349206
861,33.80510531
861.5,33.8961424
862,33.95683379
862.5,33.96694902
863,34.02764042
863.5,34.01752518
864,34.01752518
864.5,33.98717949
865,33.97706426
865.5,33.95683379
866,33.91637286
866.5,33.82533578
867,33.87591194
867.5,33.79499008
868,33.75452915
868.5,33.71406822
869,33.68372253
869.5,33.6129159
870,33.53199405
870.5,33.48141789
871,33.47130266
871.5,33.3600351
872,33.33980464
872.5,33.28922848
873,33.20830662
873.5,33.1678457
874,33.09703907
874.5,33.05657814
875,33.00600198
875.5,32.95542582
876,32.87450397
876.5,32.86438874
877,32.79358211
877.5,32.74300595
878,32.69242979
878.5,32.65196886
879,32.58116224
879.5,32.53058608
880,32.49012515
880.5,32.44966422
881,32.38897283
881.5,32.35862714
882,32.29793574
882.5,32.22712912
883,32.18666819
883.5,32.16643773
884,32.10574634
884.5,32.07540064
885,32.05517018
885.5,31.98436355
886,31.94390263
886.5,31.88321123
887,31.83263507
887.5,31.80228938
888,31.78205891
888.5,31.70113706
889,31.70113706
889.5,31.66067613
890,31.6202152
890.5,31.57975427
891,31.50894765
891.5,31.54940858
892,31.46848672
892.5,31.45837149
893,31.3673344
893.5,31.35721917
894,31.28641255
894.5,31.31675824
895,31.24595162
895.5,31.19537546
896,31.19537546
896.5,31.16502976
897,31.1447993
897.5,31.08410791
898,31.13468407
898.5,31.04364698
899,31.00318605
899.5,31.01330128
900,30.98295559
900.5,30.95260989
901,30.8615728
901.5,30.90203373
902,30.82111187
902.5,30.8615728
903,30.78065095
903.5,30.79076618
904,30.76042048
904.5,30.74019002
905,30.70984432
905.5,30.67949863
906,30.66938339
906.5,30.6390377
907,30.61880723
907.5,30.57834631
908,30.56823107
908.5,30.54800061
909,30.53788538
909.5,30.47719399
910,30.48730922
910.5,30.46707875
911,30.45696352
911.5,30.40638736
912,30.42661783
912.5,30.37604167
913,30.39627213
913.5,30.37604167
914,30.31535027
914.5,30.32546551
915,30.30523504
915.5,30.29511981
916,30.26477411
916.5,30.27488935
917,30.24454365
917.5,30.22431319
918,30.24454365
918.5,30.20408272
919,30.20408272
919.5,30.17373703
920,30.17373703
920.5,30.15350656
921,30.15350656
921.5,30.14339133
922,30.1029304
922.5,30.11304563
923,30.1029304
923.5,30.08269994
924,30.06246947
924.5,30.03212378
925,30.05235424
925.5,30.05235424
926,30.01189332
926.5,30.08269994
927,30.01189332
927.5,30.00177808
928,30.01189332
928.5,29.97143239
929,29.99166285
929.5,29.96131716
930,29.97143239
930.5,29.96131716
931,29.92085623
931.5,29.97143239
932,29.910741
932.5,29.89051053
933,29.90062576
933.5,29.92085623
934,29.83993437
934.5,29.89051053
935,29.86016484
935.5,29.8500496
936,29.82981914
936.5,29.83993437
937,29.8500496
937.5,29.81970391
938,29.80958868
938.5,29.78935821
939,29.79947344
939.5,29.77924298
940,29.78935821
940.5,29.70843636
941,29.76912775
941.5,29.74889728
942,29.74889728
942.5,29.74889728
943,29.72866682
943.5,29.73878205
944,29.74889728
944.5,29.71855159
945,29.70843636
945.5,29.70843636
946,29.70843636
946.5,29.68820589
947,29.69832112
947.5,29.67809066
948,29.66797543
948.5,29.6578602
949,29.64774496
949.5,29.6578602
950,29.63762973
950.5,29.64774496
951,29.6275145
951.5,29.63762973
952,29.60728404
952.5,29.6275145
953,29.57693834
953.5,29.60728404
954,29.57693834
954.5,29.55670788
955,29.57693834
955.5,29.57693834
956,29.54659264
956.5,29.55670788
957,29.54659264
957.5,29.52636218
958,29.53647741
958.5,29.54659264
959,29.53647741
959.5,29.52636218
960,29.52636218
960.5,29.50613172
961,29.50613172
961.5,29.47578602
962,29.49601648
962.5,29.49601648
963,29.47578602
963.5,29.46567079
964,29.47578602
964.5,29.51624695
965,29.42520986
965.5,29.48590125
966,29.44544032
966.5,29.49601648
967,29.41509463
967.5,29.46567079
968,29.42520986
968.5,29.44544032
969,29.44544032
969.5,29.4049794
970,29.41509463
970.5,29.43532509
971,29.36451847
971.5,29.45555556
972,29.4049794
972.5,29.4049794
973,29.38474893
973.5,29.4049794
974,29.32405754
974.5,29.42520986
975,29.39486416
975.5,29.3746337
976,29.344288
976.5,29.344288
977,29.33417277
977.5,29.32405754
978,29.35440324
978.5,29.31394231
979,29.32405754
979.5,29.344288
980,29.28359661
980.5,29.35440324
981,29.29371184
981.5,29.33417277
982,29.32405754
982.5,29.36451847
983,29.27348138
983.5,29.31394231
984,29.27348138
984.5,29.28359661
985,29.28359661
985.5,29.28359661
986,29.26336615
986.5,29.28359661
987,29.26336615
987.5,29.26336615
988,29.26336615
988.5,29.26336615
989,29.25325092
989.5,29.25325092
990,29.22290522
990.5,29.24313568
991,29.22290522
991.5,29.23302045
992,29.25325092
992.5,29.19255952
993,29.23302045
993.5,29.19255952
994,29.22290522
994.5,29.20267476
995,29.20267476
995.5,29.21278999
996,29.19255952
996.5,29.19255952
997,29.1520986
997.5,29.19255952
998,29.17232906
998.5,29.16221383
999,29.17232906
999.5,29.16221383
1000,29.17232906
1000.5,29.14198336
1001,29.16221383
1001.5,29.16221383
1002,29.1520986
1002.5,29.1520986
1003,29.1520986
1003.5,29.14198336
1004,29.17232906
1004.5,29.13186813
1005,29.23302045
1005.5,29.13186813
1006,29.14198336
1006.5,29.1217529
1007,29.0914072
1007.5,29.1217529
1008,29.13186813
1008.5,29.0914072
1009,29.14198336
1009.5,29.10152244
1010,29.1217529
1010.5,29.13186813
1011,29.06106151
1011.5,29.14198336
1012,29.10152244
1012.5,29.11163767
1013,29.07117674
1013.5,29.11163767
1014,29.07117674
1014.5,29.06106151
1015,29.10152244
1015.5,29.08129197
1016,29.0914072
1016.5,29.07117674
1017,29.10152244
1017.5,29.04083104
1018,29.0914072
1018.5,29.08129197
1019,29.07117674
1019.5,29.06106151
1020,29.07117674
1020.5,29.05094628
1021,29.06106151
1021.5,29.04083104
1022,29.06106151
1022.5,29.05094628
1023,29.04083104
1023.5,29.13186813
1024,29.06106151
1024.5,29.03071581
1025,29.03071581
1025.5,29.04083104
1026,29.03071581
1026.5,29.04083104
1027,29.01048535
1027.5,29.04083104
1028,29.03071581
1028.5,29.01048535
1029,29.03071581
1029.5,29.01048535
1030,29.03071581
1030.5,29.01048535
1031,29.00037012
1031.5,29.00037012
1032,28.99025488
1032.5,29.04083104
1033,28.94979396
1033.5,29.06106151
1034,28.95990919
1034.5,29.05094628
1035,28.99025488
1035.5,28.99025488
1036,28.98013965
1036.5,29.00037012
1037,28.98013965
1037.5,28.97002442
1038,28.97002442
1038.5,28.97002442
1039,28.99025488
1039.5,28.95990919
1040,28.95990919
1040.5,28.98013965
1041,28.99025488
1041.5,28.95990919
1042,28.94979396
1042.5,28.98013965
1043,28.97002442
1043.5,28.97002442
1044,28.94979396
1044.5,28.97002442
1045,28.94979396
1045.5,28.95990919
1046,28.92956349
1046.5,28.95990919
1047,28.92956349
1047.5,28.95990919
1048,28.94979396
1048.5,28.95990919
1049,28.92956349
1049.5,28.97002442
1050,28.94979396
1050.5,28.97002442
1051,28.8992178
1051.5,28.92956349
1052,28.97002442
1052.5,28.88910256
1053,28.92956349
1053.5,28.94979396
1054,28.92956349
1054.5,28.90933303
1055,28.93967872
1055.5,28.94979396
1056,28.91944826
1056.5,28.92956349
1057,28.93967872
1057.5,28.92956349
1058,28.90933303
1058.5,28.92956349
1059,28.90933303
1059.5,28.91944826
1060,28.91944826
1060.5,28.94979396
1061,28.92956349
1061.5,28.8992178
1062,28.91944826
1062.5,28.90933303
1063,28.91944826
1063.5,28.8992178
1064,28.92956349
1064.5,28.88910256
1065,28.92956349
1065.5,28.88910256
1066,28.95990919
1066.5,28.87898733
1067,28.90933303
1067.5,28.90933303
1068,28.92956349
1068.5,28.88910256
1069,28.91944826
1069.5,28.88910256
1070,28.8992178
1070.5,28.88910256
1071,28.91944826
1071.5,28.88910256
1072,28.90933303
1072.5,28.8992178
1073,28.8992178
1073.5,28.8992178
1074,28.87898733
1074.5,28.8992178
1075,28.8688721
1075.5,28.8992178
1076,28.8688721
1076.5,28.88910256
1077,28.87898733
1077.5,28.87898733
1078,28.88910256
1078.5,28.87898733
1079,28.88910256
1079.5,28.88910256
1080,28.8688721
1080.5,28.8992178
1081,28.87898733
1081.5,28.88910256
1082,28.8688721
1082.5,28.8688721
1083,28.88910256
1083.5,28.8688721
1084,28.85875687
1084.5,28.85875687
1085,28.8688721
1085.5,28.85875687
1086,28.87898733
1086.5,28.88910256
1087,28.8688721
1087.5,28.85875687
1088,28.87898733
1088.5,28.84864164
1089,28.87898733
1089.5,28.8385264
1090,28.8992178
1090.5,28.84864164
1091,28.82841117
1091.5,28.8688721
1092,28.85875687
1092.5,28.84864164
1093,28.84864164
1093.5,28.88910256
1094,28.84864164
1094.5,28.88910256
1095,28.85875687
1095.5,28.8688721
1096,28.87898733
1096.5,28.85875687
1097,28.85875687
1097.5,28.82841117
1098,28.8688721
1098.5,28.87898733
1099,28.81829594
1099.5,28.8688721
1100,28.81829594
1100.5,28.88910256
1101,28.84864164
1101.5,28.84864164
1102,28.92956349
1102.5,28.84864164
1103,28.85875687
1103.5,28.84864164
1104,28.8385264
1104.5,28.8385264
1105,28.85875687
1105.5,28.82841117
1106,28.8385264
1106.5,28.8385264
1107,28.85875687
1107.5,28.85875687
1108,28.8385264
1108.5,28.84864164
1109,28.87898733
1109.5,28.8385264
1110,28.84864164
1110.5,28.82841117
1111,28.85875687
1111.5,28.81829594
1112,28.84864164
1112.5,28.8385264
1113,28.82841117
1113.5,28.82841117
1114,28.8385264
1114.5,28.8385264
1115,28.8385264
1115.5,28.8385264
1116,28.85875687
1116.5,28.8385264
1117,28.82841117
1117.5,28.85875687
1118,28.81829594
1118.5,28.8385264
1119,28.84864164
1119.5,28.79806548
1120,28.85875687
1120.5,28.80818071
1121,28.81829594
1121.5,28.80818071
1122,28.8385264
1122.5,28.82841117
1123,28.82841117
1123.5,28.81829594
1124,28.82841117
1124.5,28.81829594
1125,28.82841117
1125.5,28.80818071
1126,28.81829594
1126.5,28.82841117
1127,28.81829594
1127.5,28.8385264
1128,28.80818071
1128.5,28.82841117
1129,28.81829594
1129.5,28.82841117
1130,28.81829594
1130.5,28.85875687
1131,28.78795024
1131.5,28.82841117
1132,28.8385264
1132.5,28.78795024
1133,28.80818071
1133.5,28.80818071
1134,28.80818071
1134.5,28.78795024
1135,28.80818071
1135.5,28.80818071
1136,28.79806548
1136.5,28.78795024
1137,28.80818071
1137.5,28.79806548
1138,28.80818071
1138.5,28.81829594
1139,28.80818071
1139.5,28.80818071
1140,28.81829594
1140.5,28.82841117
1141,28.79806548
1141.5,28.80818071
1142,28.81829594
1142.5,28.79806548
1143,28.79806548
1143.5,28.77783501
1144,28.79806548
1144.5,28.80818071
1145,28.79806548
1145.5,28.76771978
1146,28.82841117
1146.5,28.79806548
1147,28.80818071
1147.5,28.81829594
1148,28.80818071
1148.5,28.78795024
1149,28.80818071
1149.5,28.80818071
1150,28.78795024
1150.5,28.8385264
1151,28.78795024
1151.5,28.79806548
1152,28.77783501
1152.5,28.79806548
1153,28.79806548
1153.5,28.79806548
1154,28.78795024
1154.5,28.81829594
1155,28.80818071
1155.5,28.77783501
1156,28.80818071
1156.5,28.77783501
1157,28.77783501
1157.5,28.80818071
1158,28.78795024
1158.5,28.77783501
1159,28.77783501
1159.5,28.77783501
1160,28.78795024
1160.5,28.78795024
1161,28.78795024
1161.5,28.79806548
1162,28.80818071
1162.5,28.81829594
1163,28.78795024
1163.5,28.8385264
1164,28.73737408
1164.5,28.8385264
1165,28.77783501
1165.5,28.80818071
1166,28.75760455
1166.5,28.78795024
1167,28.77783501
1167.5,28.77783501
1168,28.76771978
1168.5,28.77783501
1169,28.77783501
1169.5,28.77783501
1170,28.77783501
1170.5,28.78795024
1171,28.77783501
1171.5,28.74748932
1172,28.84864164
1172.5,28.72725885
1173,28.78795024
1173.5,28.76771978
1174,28.76771978
1174.5,28.73737408
1175,28.78795024
1175.5,28.76771978
1176,28.76771978
1176.5,28.76771978
1177,28.78795024
1177.5,28.75760455
1178,28.77783501
1178.5,28.75760455
1179,28.77783501
1179.5,28.74748932
1180,28.78795024
1180.5,28.81829594
1181,28.76771978
1181.5,28.76771978
1182,28.77783501
1182.5,28.75760455
1183,28.79806548
1183.5,28.75760455
1184,28.76771978
1184.5,28.76771978
1185,28.76771978
1185.5,28.77783501
1186,28.75760455
1186.5,28.76771978
1187,28.75760455
1187.5,28.79806548
1188,28.75760455
1188.5,28.74748932
1189,28.79806548
1189.5,28.74748932
1190,28.75760455
1190.5,28.75760455
1191,28.77783501
1191.5,28.78795024
1192,28.74748932
1192.5,28.78795024
1193,28.74748932
1193.5,28.78795024
1194,28.74748932
1194.5,28.78795024
1195,28.74748932
1195.5,28.76771978
1196,28.75760455
1196.5,28.78795024
1197,28.71714362
1197.5,28.78795024
1198,28.73737408
1198.5,28.79806548
1199,28.81829594
1199.5,28.80818071
1200,28.75760455
1200.5,28.78795024
1201,28.76771978
1201.5,28.79806548
1202,28.76771978
1202.5,28.77783501
1203,28.76771978
1203.5,28.77783501
1204,28.77783501
1204.5,28.77783501
1205,28.75760455
1205.5,28.75760455
1206,28.78795024
1206.5,28.76771978
1207,28.76771978
1207.5,28.79806548
1208,28.75760455
1208.5,28.74748932
1209,28.78795024
1209.5,28.74748932
1210,28.76771978
1210.5,28.76771978
1211,28.72725885
1211.5,28.78795024
1212,28.76771978
1212.5,28.74748932
1213,28.77783501
1213.5,28.77783501
1214,28.76771978
1214.5,28.75760455
1215,28.76771978
1215.5,28.75760455
1216,28.76771978
1216.5,28.76771978
1217,28.76771978
1217.5,28.74748932
1218,28.74748932
1218.5,28.76771978
1219,28.78795024
1219.5,28.74748932
1220,28.78795024
1220.5,28.77783501
1221,28.78795024
1221.5,28.74748932
1222,28.79806548
1222.5,28.75760455
1223,28.77783501
1223.5,28.74748932
1224,28.77783501
1224.5,28.77783501
1225,28.79806548
1225.5,28.73737408
1226,28.77783501
1226.5,28.75760455
1227,28.72725885
1227.5,28.75760455
1228,28.73737408
1228.5,28.78795024
1229,28.72725885
1229.5,28.76771978
1230,28.78795024
1230.5,28.78795024
1231,28.80818071
1231.5,28.77783501
1232,28.79806548
1232.5,28.71714362
1233,28.80818071
1233.5,28.74748932
1234,28.75760455
1234.5,28.77783501
1235,28.77783501
1235.5,28.76771978
1236,28.77783501
1236.5,28.76771978
1237,28.79806548
1237.5,28.77783501
1238,28.77783501
1238.5,28.75760455
1239,28.78795024
1239.5,28.75760455
1240,28.76771978
1240.5,28.75760455
1241,28.75760455
1241.5,28.75760455
1242,28.78795024
1242.5,28.74748932
1243,28.78795024
1243.5,28.79806548
1244,28.75760455
1244.5,28.78795024
1245,28.78795024
1245.5,28.75760455
1246,28.77783501
1246.5,28.75760455
1247,28.76771978
1247.5,28.80818071
1248,28.76771978
1248.5,28.75760455
1249,28.77783501
1249.5,28.76771978
1250,28.77783501
1250.5,28.75760455
1251,28.79806548
1251.5,28.70702839
1252,28.79806548
1252.5,28.79806548
1253,28.73737408
1253.5,28.77783501
1254,28.79806548
1254.5,28.67668269
1255,28.74748932
1255.5,28.77783501
1256,28.76771978
1256.5,28.71714362
1257,28.74748932
1257.5,28.75760455
1258,28.73737408
1258.5,28.77783501
1259,28.76771978
1259.5,28.76771978
1260,28.74748932
1260.5,28.77783501
1261,28.76771978
1261.5,28.78795024
1262,28.76771978
1262.5,28.76771978
1263,28.77783501
1263.5,28.78795024
1264,28.74748932
1264.5,28.78795024
1265,28.73737408
1265.5,28.77783501
1266,28.72725885
1266.5,28.75760455
1267,28.76771978
1267.5,28.75760455
1268,28.78795024
1268.5,28.73737408
1269,28.78795024
1269.5,28.73737408
1270,28.74748932
1270.5,28.75760455
1271,28.75760455
1271.5,28.76771978
1272,28.76771978
1272.5,28.73737408
1273,28.75760455
1273.5,28.76771978
1274,28.76771978
1274.5,28.75760455
1275,28.76771978
1275.5,28.74748932
1276,28.76771978
1276.5,28.75760455
1277,28.73737408
1277.5,28.8688721
1278,28.74748932
1278.5,28.75760455
1279,28.74748932
1279.5,28.76771978
1280,28.76771978
1280.5,28.77783501
1281,28.74748932
1281.5,28.76771978
1282,28.74748932
1282.5,28.75760455
1283,28.74748932
1283.5,28.73737408
1284,28.76771978
1284.5,28.76771978
1285,28.73737408
1285.5,28.77783501
1286,28.72725885
1286.5,28.75760455
1287,28.72725885
1287.5,28.76771978
1288,28.71714362
1288.5,28.75760455
1289,28.72725885
1289.5,28.74748932
1290,28.75760455
1290.5,28.75760455
1291,28.79806548
1291.5,28.72725885
1292,28.75760455
1292.5,28.77783501
1293,28.73737408
1293.5,28.73737408
1294,28.73737408
1294.5,28.75760455
1295,28.73737408
1295.5,28.72725885
1296,28.71714362
1296.5,28.75760455
1297,28.72725885
1297.5,28.76771978
1298,28.73737408
1298.5,28.74748932
1299,28.75760455
1299.5,28.74748932
1300,28.73737408
1300.5,28.73737408
1301,28.72725885
1301.5,28.75760455
1302,28.71714362
1302.5,28.72725885
1303,28.74748932
1303.5,28.74748932
1304,28.72725885
1304.5,28.74748932
1305,28.76771978
1305.5,28.72725885
1306,28.74748932
1306.5,28.74748932
1307,28.76771978
1307.5,28.72725885
1308,28.75760455
1308.5,28.73737408
1309,28.74748932
1309.5,28.74748932
1310,28.73737408
1310.5,28.73737408
1311,28.73737408
1311.5,28.73737408
1312,28.74748932
1312.5,28.73737408
1313,28.73737408
1313.5,28.75760455
1314,28.74748932
1314.5,28.73737408
1315,28.73737408
1315.5,28.74748932
1316,28.72725885
1316.5,28.72725885
1317,28.75760455
1317.5,28.72725885
1318,28.74748932
1318.5,28.73737408
1319,28.74748932
1319.5,28.73737408
1320,28.74748932
1320.5,28.74748932
1321,28.72725885
1321.5,28.75760455
1322,28.72725885
1322.5,28.73737408
1323,28.74748932
1323.5,28.73737408
1324,28.73737408
1324.5,28.74748932
1325,28.72725885
1325.5,28.75760455
1326,28.74748932
1326.5,28.75760455
1327,28.73737408
1327.5,28.77783501
1328,28.73737408
1328.5,28.76771978
1329,28.74748932
1329.5,28.77783501
1330,28.69691316
1330.5,28.77783501
1331,28.71714362
1331.5,28.79806548
1332,28.68679792
1332.5,28.76771978
1333,28.75760455
1333.5,28.72725885
1334,28.79806548
1334.5,28.74748932
1335,28.76771978
1335.5,28.72725885
1336,28.77783501
1336.5,28.74748932
1337,28.73737408
1337.5,28.81829594
1338,28.75760455
1338.5,28.73737408
1339,28.75760455
1339.5,28.74748932
1340,28.77783501
1340.5,28.73737408
1341,28.77783501
1341.5,28.75760455
1342,28.76771978
1342.5,28.75760455
1343,28.79806548
1343.5,28.72725885
1344,28.76771978
1344.5,28.77783501
1345,28.76771978
1345.5,28.73737408
1346,28.77783501
1346.5,28.74748932
1347,28.77783501
1347.5,28.74748932
1348,28.75760455
1348.5,28.76771978
1349,28.75760455
1349.5,28.75760455
1350,28.73737408
1350.5,28.77783501
1351,28.73737408
1351.5,28.78795024
1352,28.75760455
1352.5,28.75760455
1353,28.74748932
1353.5,28.75760455
1354,28.75760455
1354.5,28.78795024
1355,28.73737408
1355.5,28.75760455
1356,28.8688721
1356.5,28.76771978
1357,28.75760455
1357.5,28.76771978
1358,28.75760455
1358.5,28.78795024
1359,28.76771978
1359.5,28.75760455
1360,28.76771978
1360.5,28.76771978
1361,28.76771978
1361.5,28.75760455
1362,28.74748932
1362.5,28.73737408
1363,28.79806548
1363.5,28.72725885
1364,28.79806548
1364.5,28.73737408
1365,28.80818071
1365.5,28.70702839
1366,28.81829594
1366.5,28.74748932
1367,28.80818071
1367.5,28.74748932
1368,28.78795024
1368.5,28.72725885
1369,28.80818071
1369.5,28.73737408
1370,28.77783501
1370.5,28.72725885
1371,28.76771978
1371.5,28.79806548
1372,28.75760455
1372.5,28.72725885
1373,28.79806548
1373.5,28.76771978
1374,28.77783501
1374.5,28.72725885
1375,28.76771978
1375.5,28.77783501
1376,28.75760455
1376.5,28.76771978
1377,28.74748932
1377.5,28.76771978
1378,28.75760455
1378.5,28.76771978
1379,28.74748932
1379.5,28.77783501
1380,28.78795024
1380.5,28.77783501
1381,28.76771978
1381.5,28.77783501
1382,28.77783501
1382.5,28.77783501
1383,28.76771978
1383.5,28.76771978
1384,28.72725885
1384.5,28.75760455
1385,28.73737408
1385.5,28.77783501
1386,28.77783501
1386.5,28.76771978
1387,28.76771978
1387.5,28.76771978
1388,28.76771978
1388.5,28.77783501
1389,28.76771978
1389.5,28.75760455
1390,28.77783501
1390.5,28.74748932
1391,28.74748932
1391.5,28.74748932
1392,28.74748932
1392.5,28.73737408
1393,28.75760455
1393.5,28.76771978
1394,28.74748932
1394.5,28.74748932
1395,28.75760455
1395.5,28.76771978
1396,28.73737408
1396.5,28.79806548
1397,28.73737408
1397.5,28.74748932
1398,28.73737408
1398.5,28.75760455
1399,28.74748932
1399.5,28.74748932
1400,28.78795024
1400.5,28.75760455
1401,28.74748932
1401.5,28.77783501
1402,28.75760455
1402.5,28.76771978
1403,28.75760455
1403.5,28.74748932
1404,28.73737408
1404.5,28.73737408
1405,28.73737408
1405.5,28.74748932
1406,28.73737408
1406.5,28.74748932
1407,28.73737408
1407.5,28.74748932
1408,28.73737408
1408.5,28.75760455
1409,28.73737408
1409.5,28.72725885
1410,28.73737408
1410.5,28.74748932
1411,28.73737408
1411.5,28.74748932
1412,28.76771978
1412.5,28.68679792
1413,28.78795024
1413.5,28.73737408
1414,28.69691316
1414.5,28.74748932
1415,28.75760455
1415.5,28.72725885
1416,28.71714362
1416.5,28.74748932
1417,28.74748932
1417.5,28.73737408
1418,28.75760455
1418.5,28.75760455
1419,28.74748932
1419.5,28.74748932
1420,28.73737408
1420.5,28.73737408
1421,28.73737408
1421.5,28.73737408
1422,28.73737408
1422.5,28.72725885
1423,28.75760455
1423.5,28.72725885
1424,28.73737408
1424.5,28.74748932
1425,28.73737408
1425.5,28.72725885
1426,28.75760455
1426.5,28.73737408
1427,28.74748932
1427.5,28.71714362
1428,28.75760455
1428.5,28.73737408
1429,28.72725885
1429.5,28.75760455
1430,28.74748932
1430.5,28.73737408
1431,28.74748932
1431.5,28.73737408
1432,28.75760455
1432.5,28.73737408
1433,28.72725885
1433.5,28.73737408
1434,28.72725885
1434.5,28.73737408
1435,28.73737408
1435.5,28.72725885
1436,28.71714362
1436.5,28.72725885
1437,28.72725885
1437.5,28.73737408
1438,28.73737408
1438.5,28.72725885
1439,28.72725885
1439.5,28.71714362
1440,28.77783501
1440.5,28.71714362
1441,28.73737408
1441.5,28.73737408
1442,28.73737408
1442.5,28.72725885
1443,28.74748932
1443.5,28.73737408
1444,28.72725885
1444.5,28.73737408
1445,28.72725885
1445.5,28.72725885
1446,28.82841117
1446.5,28.71714362
1447,28.72725885
1447.5,28.74748932
1448,28.73737408
1448.5,28.73737408
1449,28.76771978
1449.5,28.73737408
1450,28.72725885
1450.5,28.72725885
1451,28.73737408
1451.5,28.72725885
1452,28.76771978
1452.5,28.70702839
1453,28.73737408
1453.5,28.76771978
1454,28.71714362
1454.5,28.74748932
1455,28.74748932
1455.5,28.76771978
1456,28.72725885
1456.5,28.74748932
1457,28.75760455
1457.5,28.75760455
1458,28.71714362
1458.5,28.74748932
1459,28.74748932
1459.5,28.72725885
1460,28.76771978
1460.5,28.75760455
1461,28.75760455
1461.5,28.73737408
1462,28.75760455
1462.5,28.74748932
1463,28.75760455
1463.5,28.72725885
1464,28.75760455
1464.5,28.79806548
1465,28.77783501
1465.5,28.69691316
1466,28.80818071
1466.5,28.71714362
1467,28.75760455
1467.5,28.73737408
1468,28.75760455
1468.5,28.73737408
1469,28.74748932
1469.5,28.73737408
1470,28.75760455
1470.5,28.75760455
1471,28.73737408
1471.5,28.71714362
1472,28.75760455
1472.5,28.75760455
1473,28.76771978
1473.5,28.75760455
1474,28.75760455
1474.5,28.75760455
1475,28.73737408
1475.5,28.74748932
1476,28.72725885
1476.5,28.75760455
1477,28.74748932
1477.5,28.75760455
1478,28.73737408
1478.5,28.76771978
1479,28.75760455
1479.5,28.75760455
1480,28.77783501
1480.5,28.76771978
1481,28.76771978
1481.5,28.74748932
1482,28.75760455
1482.5,28.73737408
1483,28.73737408
1483.5,28.74748932
1484,28.74748932
1484.5,28.74748932
1485,28.75760455
1485.5,28.74748932
1486,28.75760455
1486.5,28.75760455
1487,28.76771978
1487.5,28.74748932
1488,28.76771978
1488.5,28.73737408
1489,28.76771978
1489.5,28.73737408
1490,28.76771978
1490.5,28.74748932
1491,28.76771978
1491.5,28.75760455
1492,28.75760455
1492.5,28.76771978
1493,28.73737408
1493.5,28.74748932
1494,28.80818071
1494.5,28.87898733
1495,28.74748932
1495.5,28.74748932
1496,28.76771978
1496.5,28.69691316
1497,28.80818071
1497.5,28.73737408
1498,28.73737408
1498.5,28.74748932
1499,28.77783501
1499.5,28.73737408
1500,28.77783501
1500.5,28.78795024
1501,28.77783501
1501.5,28.76771978
1502,28.79806548
1502.5,28.77783501
1503,28.76771978
1503.5,28.74748932
1504,28.75760455
1504.5,28.75760455
1505,28.74748932
1505.5,28.75760455
1506,28.74748932
1506.5,28.76771978
1507,28.74748932
1507.5,28.77783501
1508,28.75760455
1508.5,28.76771978
1509,28.75760455
1509.5,28.75760455
1510,28.76771978
1510.5,28.74748932
1511,28.74748932
1511.5,28.74748932
1512,28.76771978
1512.5,28.75760455
1513,28.72725885
1513.5,28.75760455
1514,28.74748932
1514.5,28.74748932
1515,28.77783501
1515.5,28.75760455
1516,28.78795024
1516.5,28.76771978
1517,28.74748932
1517.5,28.75760455
1518,28.76771978
1518.5,28.75760455
1519,28.74748932
1519.5,28.73737408
1520,28.75760455
1520.5,28.74748932
1521,28.73737408
1521.5,28.74748932
1522,28.74748932
1522.5,28.74748932
1523,28.73737408
1523.5,28.74748932
1524,28.75760455
1524.5,28.72725885
1525,28.75760455
1525.5,28.76771978
1526,28.75760455
1526.5,28.73737408
1527,28.73737408
1527.5,28.74748932
1528,28.73737408
1528.5,28.74748932
1529,28.74748932
1529.5,28.74748932
1530,28.76771978
1530.5,28.73737408
1531,28.78795024
1531.5,28.75760455
1532,28.77783501
1532.5,28.74748932
1533,28.76771978
1533.5,28.70702839
1534,28.77783501
1534.5,28.74748932
1535,28.74748932
1535.5,28.71714362
1536,28.76771978
1536.5,28.74748932
1537,28.73737408
1537.5,28.75760455
1538,28.75760455
1538.5,28.74748932
1539,28.74748932
1539.5,28.72725885
1540,28.73737408
1540.5,28.74748932
1541,28.73737408
1541.5,28.72725885
1542,28.72725885
1542.5,28.74748932
1543,28.73737408
1543.5,28.73737408
1544,28.72725885
1544.5,28.74748932
1545,28.75760455
1545.5,28.72725885
1546,28.75760455
1546.5,28.73737408
1547,28.74748932
1547.5,28.73737408
1548,28.73737408
1548.5,28.72725885
1549,28.73737408
1549.5,28.72725885
1550,28.646337
1550.5,28.73737408
1551,28.73737408
1551.5,28.73737408
1552,28.72725885
1552.5,28.74748932
1553,28.75760455
1553.5,28.73737408
1554,28.73737408
1554.5,28.79806548
1555,28.72725885
1555.5,28.74748932
1556,28.72725885
1556.5,28.71714362
1557,28.74748932
1557.5,28.74748932
1558,28.73737408
1558.5,28.74748932
1559,28.73737408
1559.5,28.72725885
1560,28.75760455
1560.5,28.73737408
1561,28.72725885
1561.5,28.3934562
1562,26.26925748
1562.5,22.36477793
1563,20.8677236
1563.5,20.6148428
1564,21.47463752
1564.5,21.39371566
1565,21.23187195
1565.5,21.3127938
1566,21.19141102
1566.5,21.28244811
1567,21.25210241
1567.5,21.28244811
1568,21.27233288
1568.5,21.27233288
1569,21.32290904
1569.5,21.27233288
1570,21.28244811
1570.5,21.28244811
1571,21.28244811
1571.5,21.28244811
1572,21.3127938
1572.5,21.26221764
1573,21.3127938
1573.5,21.3127938
1574,21.23187195
1574.5,21.28244811
1575,21.32290904
1575.5,21.26221764
1576,21.29256334
1576.5,21.27233288
1577,21.28244811
1577.5,21.26221764
1578,21.30267857
1578.5,21.28244811
1579,21.23187195
1579.5,21.26221764
1580,21.27233288
1580.5,21.25210241
1581,21.24198718
1581.5,21.24198718
1582,21.24198718
1582.5,21.23187195
1583,21.25210241
1583.5,21.22175672
1584,21.22175672
1584.5,21.22175672
1585,21.22175672
1585.5,21.20152625
1586,21.19141102
1586.5,21.20152625
1587,21.17118056
1587.5,21.20152625
1588,21.17118056
1588.5,21.18129579
1589,21.16106532
1589.5,21.16106532
1590,21.16106532
1590.5,21.16106532
1591,21.15095009
1591.5,21.14083486
1592,21.13071963
1592.5,21.16106532
1593,21.1206044
1593.5,21.1206044
1594,21.1206044
1594.5,21.14083486
1595,21.13071963
1595.5,21.1206044
1596,21.11048916
1596.5,21.0902587
1597,21.11048916
1597.5,21.059913
1598,21.10037393
1598.5,21.10037393
1599,21.10037393
1599.5,21.04979777
1600,21.0902587
1600.5,21.07002824
1601,21.059913
1601.5,21.059913
1602,21.16106532
1602.5,23.52802961
1603,26.13775946
1603.5,27.94838599
1604,29.25325092
1604.5,30.24454365
1605,30.64915293
1605.5,31.42802579
1606,32.36874237
1606.5,32.00459402
1607,32.55081654
1607.5,32.70254502
1608,32.9149649
1608.5,33.09703907
1609,33.30945894
1609.5,33.46118742
1610,33.63314637
1610.5,33.71406822
1611,33.78487485
1611.5,33.9264881
1612,33.93660333
1612.5,33.98717949
1613,33.99729472
1613.5,34.03775565
1614,33.99729472
1614.5,33.94671856
1615,33.99729472
1615.5,33.93660333
1616,33.91637286
1616.5,33.84556624
1617,33.8657967
1617.5,33.74441392
1618,33.72418346
1618.5,33.63314637
1619,33.62303114
1619.5,33.55222451
1620,33.50164835
1620.5,33.47130266
1621,33.41061126
1621.5,33.32968941
1622,33.28922848
1622.5,33.26899802
1623,33.19819139
1623.5,33.1375
1624,33.06669338
1624.5,33.03634768
1625,32.96554106
1625.5,32.93519536
1626,32.86438874
1626.5,32.81381258
1627,32.76323642
1627.5,32.73289072
1628,32.67219933
1628.5,32.54070131
1629,32.57104701
1629.5,32.52047085
1630,32.46989469
1630.5,32.4092033
1631,32.36874237
1631.5,32.31816621
1632,32.26759005
1632.5,32.20689866
1633,32.18666819
1633.5,32.10574634
1634,32.07540064
1634.5,32.04505495
1635,32.00459402
1635.5,31.95401786
1636,31.93378739
1636.5,31.88321123
1637,31.83263507
1637.5,31.79217415
1638,31.75171322
1638.5,31.70113706
1639,31.67079136
1639.5,31.6202152
1640,31.59998474
1640.5,31.54940858
1641,31.49883242
1641.5,31.49883242
1642,31.43814103
1642.5,31.40779533
1643,31.3673344
1643.5,31.34710394
1644,31.30664301
1644.5,31.25606685
1645,31.24595162
1645.5,31.20549069
1646,31.19537546
1646.5,31.1447993
1647,31.12456883
1647.5,31.06387744
1648,31.04364698
1648.5,31.02341651
1649,30.99307082
1649.5,30.94249466
1650,30.95260989
1650.5,30.90203373
1651,30.88180327
1651.5,30.94249466
1652,30.84134234
1652.5,30.82111187
1653,30.78065095
1653.5,30.77053571
1654,30.73007479
1654.5,30.75030525
1655,30.69972909
1655.5,30.6390377
1656,30.67949863
1656.5,30.6390377
1657,30.608692
1657.5,30.55811584
1658,30.56823107
1658.5,30.53788538
1659,30.53788538
1659.5,30.48730922
1660,30.46707875
1660.5,30.46707875
1661,30.43673306
1661.5,30.41650259
1662,30.37604167
1662.5,30.3861569
1663,30.36592643
1663.5,30.30523504
1664,30.31535027
1664.5,30.30523504
1665,30.29511981
1665.5,30.20408272
1666,30.27488935
1666.5,30.26477411
1667,30.20408272
1667.5,30.24454365
1668,30.19396749
1668.5,30.18385226
1669,30.17373703
1669.5,30.16362179
1670,30.11304563
1670.5,30.14339133
1671,30.11304563
1671.5,30.12316087
1672,30.09281517
1672.5,30.11304563
1673,30.09281517
1673.5,30.08269994
1674,30.07258471
1674.5,30.05235424
1675,30.04223901
1675.5,30.04223901
1676,30.00177808
1676.5,30.00177808
1677,30.00177808
1677.5,29.97143239
1678,29.95120192
1678.5,29.96131716
1679,29.95120192
1679.5,29.910741
1680,29.95120192
1680.5,29.90062576
1681,29.94108669
1681.5,29.93097146
1682,29.90062576
1682.5,29.89051053
1683,29.89051053
1683.5,29.87028007
1684,29.8500496
1684.5,29.86016484
1685,29.82981914
1685.5,29.81970391
1686,29.80958868
1686.5,29.39486416
1687,26.97732372
1687.5,23.26503358
1688,21.24198718
1688.5,20.47322955
1689,21.29256334
1689.5,21.30267857
1690,21.21164148
1690.5,21.24198718
1691,21.17118056
1691.5,21.18129579
1692,21.20152625
1692.5,21.20152625
1693,21.20152625
1693.5,21.17118056
1694,21.22175672
1694.5,21.19141102
1695,21.24198718
1695.5,21.19141102
1696,21.21164148
1696.5,21.22175672
1697,21.23187195
1697.5,21.21164148
1698,21.20152625
1698.5,21.23187195
1699,21.21164148
1699.5,21.20152625
1700,21.19141102
1700.5,21.24198718
1701,21.20152625
1701.5,21.19141102
1702,21.22175672
1702.5,21.21164148
1703,21.22175672
1703.5,21.21164148
1704,21.21164148
1704.5,21.20152625
1705,21.20152625
1705.5,21.20152625
1706,21.20152625
1706.5,21.17118056
1707,21.08014347
1707.5,21.15095009
1708,21.15095009
1708.5,21.15095009
1709,21.13071963
1709.5,21.15095009
1710,21.14083486
1710.5,21.14083486
1711,21.1206044
1711.5,21.18129579
1712,21.13071963
1712.5,21.14083486
1713,21.13071963
1713.5,21.1206044
1714,21.1206044
1714.5,21.11048916
1715,21.0902587
1715.5,21.08014347
1716,21.0902587
1716.5,21.0902587
1717,21.0902587
1717.5,21.07002824
1718,21.059913
1718.5,21.10037393
1719,21.07002824
1719.5,21.04979777
1720,21.059913
1720.5,21.04979777
1721,21.03968254
1721.5,21.03968254
1722,21.03968254
1722.5,21.01945208
1723,21.01945208
1723.5,21.00933684
1724,20.99922161
1724.5,21.01945208
1725,21.00933684
1725.5,21.01945208
1726,20.99922161
1726.5,20.99922161
1727,21.13071963
1727.5,23.63929716
1728,26.38052503
1728.5,28.46426282
1729,29.97143239
1729.5,30.90203373
1730,31.45837149
1730.5,32.52047085
1731,32.58116224
1731.5,33.11726954
1732,33.40049603
1732.5,33.6736073
1733,33.82533578
1733.5,34.08833181
1734,34.26029075
1734.5,34.38167353
1735,34.52328678
1735.5,34.63455433
1736,34.70536096
1736.5,34.84697421
1737,34.80651328
1737.5,34.84697421
1738,34.8773199
1738.5,34.86720467
1739,34.83685897
1739.5,34.77616758
1740,34.81662851
1740.5,34.71547619
1741,34.71547619
1741.5,34.67501526
1742,34.59409341
1742.5,34.54351725
1743,34.51317155
1743.5,34.42213446
1744,34.401904
1744.5,34.34121261
1745,34.26029075
1745.5,34.18948413
1746,34.16925366
1746.5,34.07821658
1747,34.04787088
1747.5,33.96694902
1748,33.9264881
1748.5,33.8657967
1749,33.79499008
1749.5,33.74441392
1750,33.71406822
1750.5,33.63314637
1751,33.58257021
1751.5,33.52187882
1752,33.48141789
1752.5,33.3903808
1753,33.34991987
1753.5,33.29934371
1754,33.24876755
1754.5,33.1678457
1755,33.1375
1755.5,33.06669338
1756,33.03634768
1756.5,32.97565629
1757,32.92508013
1757.5,32.8846192
1758,32.82392781
1758.5,32.78346688
1759,32.72277549
1759.5,32.67219933
1760,32.64185363
1760.5,32.56093178
1761,32.53058608
1761.5,32.49012515
1762,32.44966422
1762.5,32.39908806
1763,32.36874237
1763.5,32.31816621
1764,32.24735958
1764.5,32.22712912
1765,32.17655296
1765.5,32.14620726
1766,32.09563111
1766.5,32.06528541
1767,32.04505495
1767.5,31.97424832
1768,31.94390263
1768.5,31.91355693
1769,31.85286554
1769.5,31.83263507
1770,31.79217415
1770.5,31.77194368
1771,31.69102183
1771.5,31.70113706
1772,31.67079136
1772.5,31.63033043
1773,31.61009997
1773.5,31.54940858
1774,31.56963904
1774.5,31.49883242
1775,31.44825626
1775.5,31.45837149
1776,31.3976801
1776.5,31.3673344
1777,31.40779533
1777.5,31.28641255
1778,31.27629731
1778.5,31.26618208
1779,31.25606685
1779.5,31.19537546
1780,31.19537546
1780.5,31.17514499
1781,31.10433837
1781.5,31.10433837
1782,31.08410791
1782.5,31.08410791
1783,31.01330128
1783.5,31.00318605
1784,30.98295559
1784.5,30.96272512
1785,30.93237943
1785.5,30.8615728
1786,30.88180327
1786.5,30.90203373
1787,30.84134234
1787.5,30.84134234
1788,30.81099664
1788.5,30.76042048
1789,30.79076618
1789.5,30.76042048
1790,30.73007479
1790.5,30.71995955
1791,30.70984432
1791.5,30.67949863
1792,30.66938339
1792.5,30.6390377
1793,30.66938339
1793.5,30.62892247
1794,30.62892247
1794.5,30.6390377
1795,30.608692
1795.5,30.57834631
1796,30.54800061
1796.5,30.52777015
1797,30.54800061
1797.5,30.47719399
1798,30.44684829
1798.5,30.46707875
1799,30.43673306
1799.5,30.41650259
1800,30.45696352
1800.5,30.40638736
1801,30.43673306
1801.5,30.3861569
1802,30.40638736
1802.5,30.37604167
1803,30.36592643
1803.5,30.33558074
1804,30.3558112
1804.5,30.29511981
1805,30.28500458
1805.5,30.29511981
1806,30.28500458
1806.5,30.27488935
1807,30.27488935
1807.5,30.28500458
1808,30.24454365
1808.5,30.23442842
1809,30.23442842
1809.5,30.18385226
1810,30.18385226
1810.5,30.15350656
1811,30.15350656
1811.5,29.64774496
1812,26.38052503
1812.5,23.588721
1813,21.39371566
1813.5,20.49346001
1814,21.10037393
1814.5,21.32290904
1815,21.20152625
1815.5,21.23187195
1816,21.15095009
1816.5,21.15095009
1817,21.18129579
1817.5,21.21164148
1818,21.22175672
1818.5,21.16106532
1819,21.23187195
1819.5,21.19141102
1820,21.20152625
1820.5,21.21164148
1821,21.24198718
1821.5,21.18129579
1822,21.21164148
1822.5,21.20152625
1823,21.18129579
1823.5,21.17118056
1824,21.24198718
1824.5,21.18129579
1825,21.14083486
1825.5,21.24198718
1826,21.21164148
1826.5,21.19141102
1827,21.25210241
1827.5,21.20152625
1828,21.18129579
1828.5,21.18129579
1829,21.18129579
1829.5,21.17118056
1830,21.17118056
1830.5,21.17118056
1831,21.15095009
1831.5,21.15095009
1832,21.14083486
1832.5,21.16106532
1833,21.16106532
1833.5,21.14083486
1834,21.17118056
1834.5,21.17118056
1835,21.1206044
1835.5,21.1206044
1836,21.1206044
1836.5,21.1206044
1837,21.10037393
1837.5,21.11048916
1838,21.1206044
1838.5,21.11048916
1839,21.10037393
1839.5,21.07002824
1840,21.10037393
1840.5,21.08014347
1841,21.08014347
1841.5,21.08014347
1842,21.059913
1842.5,21.04979777
1843,21.059913
1843.5,21.03968254
1844,21.03968254
1844.5,21.04979777
1845,21.03968254
1845.5,21.00933684
1846,21.04979777
1846.5,21.03968254
1847,21.01945208
1847.5,21.00933684
1848,21.01945208
1848.5,21.00933684
1849,21.00933684
1849.5,20.99922161
1850,20.99922161
1850.5,20.96887592
1851,20.96887592
1851.5,20.96887592
1852,21.14083486
1852.5,23.74044948
1853,26.54236874
1853.5,28.70702839
1854,30.29511981
1854.5,30.88180327
1855,31.86298077
1855.5,32.36874237
1856,32.8846192
1856.5,33.4207265
1857,33.73429869
1857.5,33.97706426
1858,34.1490232
1858.5,34.39178877
1859,34.59409341
1859.5,34.71547619
1860,34.81662851
1860.5,34.93801129
1861,35.00881792
1861.5,35.06950931
1862,35.08973977
1862.5,35.14031593
1863,35.1302007
1863.5,35.12008547
1864,35.08973977
1864.5,35.07962454
1865,35.02904838
1865.5,35.02904838
1866,34.94812653
1866.5,34.89755037
1867,34.85708944
1867.5,34.81662851
1868,34.76605235
1868.5,34.69524573
1869,34.63455433
1869.5,34.58397817
1870,34.52328678
1870.5,34.46259539
1871,34.401904
1871.5,34.34121261
1872,34.28052121
1872.5,34.19959936
1873,34.1490232
1873.5,34.08833181
1874,34.04787088
1874.5,33.94671856
1875,33.91637286
1875.5,33.8657967
1876,33.81522054
1876.5,33.72418346
1877,33.70395299
1877.5,33.6129159
1878,33.56233974
1878.5,33.52187882
1879,33.46118742
1879.5,33.43084173
1880,33.3600351
1880.5,33.30945894
1881,33.24876755
1881.5,33.19819139
1882,33.12738477
1882.5,33.05657814
1883,33.03634768
1883.5,32.97565629
1884,32.92508013
1884.5,32.87450397
1885,32.83404304
1885.5,32.78346688
1886,32.74300595
1886.5,32.68231456
1887,32.62162317
1887.5,32.61150794
1888,32.55081654
1888.5,32.51035562
1889,32.43954899
1889.5,32.42943376
1890,32.36874237
1890.5,32.32828144
1891,32.28782051
1891.5,32.25747482
1892,32.21701389
1892.5,32.18666819
1893,32.13609203
1893.5,32.09563111
1894,32.05517018
1894.5,32.06528541
1895,31.97424832
1895.5,31.97424832
1896,31.92367216
1896.5,31.86298077
1897,31.86298077
1897.5,31.84275031
1898,31.80228938
1898.5,31.74159799
1899,31.72136752
1899.5,31.72136752
1900,31.66067613
1900.5,31.59998474
1901,31.59998474
1901.5,31.57975427
1902,31.51906288
1902.5,31.50894765
1903,31.47860195
1903.5,31.3976801
1904,31.40779533
1904.5,31.40779533
1905,31.33698871
1905.5,31.34710394
1906,31.30664301
1906.5,31.26618208
1907,31.23583639
1907.5,31.21560592
1908,31.22572115
1908.5,31.16502976
1909,31.15491453
1909.5,31.12456883
1910,31.09422314
1910.5,31.08410791
1911,31.04364698
1911.5,31.03353175
1912,31.00318605
1912.5,31.00318605
1913,30.96272512
1913.5,30.93237943
1914,30.94249466
1914.5,30.88180327
1915,30.88180327
1915.5,30.8919185
1916,30.84134234
1916.5,30.83122711
1917,30.81099664
1917.5,30.82111187
1918,30.76042048
1918.5,30.78065095
1919,30.75030525
1919.5,30.73007479
1920,30.69972909
1920.5,30.67949863
1921,30.67949863
1921.5,30.64915293
1922,30.65926816
1922.5,30.62892247
1923,30.64915293
1923.5,30.61880723
1924,30.57834631
1924.5,30.608692
1925,30.55811584
1925.5,30.53788538
1926,30.53788538
1926.5,30.49742445
1927,30.50753968
1927.5,30.48730922
1928,30.46707875
1928.5,30.48730922
1929,30.44684829
1929.5,30.45696352
1930,30.43673306
1930.5,30.43673306
1931,30.41650259
1931.5,30.40638736
1932,30.37604167
1932.5,30.3558112
1933,30.37604167
1933.5,30.36592643
1934,30.32546551
1934.5,30.29511981
1935,30.32546551
1935.5,30.32546551
1936,30.29511981
1936.5,29.68820589
1937,26.41087073
1937.5,24.08436737
1938,21.38360043
1938.5,20.53392094
1939,21.08014347
1939.5,21.36336996
1940,21.20152625
1940.5,21.21164148
1941,21.15095009
1941.5,21.17118056
1942,21.19141102
1942.5,21.21164148
1943,21.21164148
1943.5,21.18129579
1944,21.20152625
1944.5,21.17118056
1945,21.19141102
1945.5,21.21164148
1946,21.19141102
1946.5,21.20152625
1947,21.29256334
1947.5,21.21164148
1948,21.20152625
1948.5,21.20152625
1949,21.18129579
1949.5,21.20152625
1950,21.21164148
1950.5,21.19141102
1951,21.20152625
1951.5,21.19141102
1952,21.18129579
1952.5,21.20152625
1953,21.19141102
1953.5,21.17118056
1954,21.18129579
1954.5,21.19141102
1955,21.17118056
1955.5,21.18129579
1956,21.18129579
1956.5,21.14083486
1957,21.17118056
1957.5,21.16106532
1958,21.14083486
1958.5,21.15095009
1959,21.15095009
1959.5,21.13071963
1960,21.14083486
1960.5,21.14083486
1961,21.1206044
1961.5,21.1206044
1962,21.11048916
1962.5,21.1206044
1963,21.1206044
1963.5,21.0902587
1964,21.10037393
1964.5,21.0902587
1965,21.10037393
1965.5,21.03968254
1966,21.0902587
1966.5,21.08014347
1967,21.08014347
1967.5,21.08014347
1968,21.059913
1968.5,21.07002824
1969,21.03968254
1969.5,21.03968254
1970,21.04979777
1970.5,21.03968254
1971,21.04979777
1971.5,21.01945208
1972,21.00933684
1972.5,21.059913
1973,20.99922161
1973.5,20.99922161
1974,21.00933684
1974.5,20.98910638
1975,20.95876068
1975.5,20.97899115
1976,20.97899115
1976.5,20.98910638
1977,21.21164148
1977.5,23.8719475
1978,26.67386676
1978.5,28.88910256
1979,30.30523504
1979.5,31.18526023
1980,31.873096
1980.5,32.80369734
1981,32.96554106
1981.5,33.56233974
1982,33.84556624
1982.5,34.08833181
1983,34.32098214
1983.5,34.50305632
1984,34.71547619
1984.5,34.82674374
1985,34.98858745
1985.5,35.03916361
1986,35.10997024
1986.5,35.19089209
1987,35.18077686
1987.5,35.22123779
1988,35.20100733
1988.5,35.21112256
1989,35.1605464
1989.5,35.15043117
1990,35.15043117
1990.5,35.07962454
1991,35.04927885
1991.5,35.01893315
1992,34.94812653
1992.5,34.86720467
1993,34.83685897
1993.5,34.78628281
1994,34.71547619
1994.5,34.64466957
1995,34.59409341
1995.5,34.51317155
1996,34.46259539
1996.5,34.42213446
1997,34.35132784
1997.5,34.30075168
1998,34.26029075
1998.5,34.18948413
1999,34.09844704
1999.5,34.08833181
2000,33.99729472
2000.5,33.93660333
2001,33.87591194
2001.5,33.82533578
2002,33.77475962
2002.5,33.69383776
2003,33.6736073
2003.5,33.6129159
2004,33.56233974
2004.5,33.51176358
2005,33.43084173
2005.5,33.3903808
2006,33.31957418
2006.5,33.25888278
2007,33.27911325
2007.5,33.1375
2008,33.09703907
2008.5,33.03634768
2009,33.00600198
2009.5,32.93519536
2010,32.9149649
2010.5,32.8542735
2011,32.79358211
2011.5,32.77335165
2012,32.73289072
2012.5,32.69242979
2013,32.61150794
2013.5,32.56093178
2014,32.56093178
2014.5,32.50024038
2015,32.41931853
2015.5,32.4092033
2016,32.36874237
2016.5,32.29793574
2017,32.27770528
2017.5,32.24735958
2018,32.20689866
2018.5,32.20689866
2019,32.08551587
2019.5,32.08551587
2020,32.06528541
2020.5,32.01470925
2021,32.00459402
2021.5,31.92367216
2022,31.9034417
2022.5,31.86298077
2023,31.82251984
2023.5,31.80228938
2024,31.77194368
2024.5,31.74159799
2025,31.70113706
2025.5,31.70113706
2026,31.66067613
2026.5,31.61009997
2027,31.57975427
2027.5,31.55952381
2028,31.51906288
2028.5,31.48871719
2029,31.45837149
2029.5,31.43814103
2030,31.40779533
2030.5,31.37744963
2031,31.35721917
2031.5,31.33698871
2032,31.29652778
2032.5,31.28641255
2033,31.23583639
2033.5,31.21560592
2034,31.21560592
2034.5,31.16502976
2035,31.1144536
2035.5,31.15491453
2036,31.08410791
2036.5,31.10433837
2037,31.05376221
2037.5,31.04364698
2038,31.02341651
2038.5,31.00318605
2039,30.98295559
2039.5,30.96272512
2040,30.94249466
2040.5,30.91214896
2041,30.91214896
2041.5,30.87168803
2042,30.85145757
2042.5,30.85145757
2043,30.84134234
2043.5,30.80088141
2044,30.78065095
2044.5,30.79076618
2045,30.77053571
2045.5,30.74019002
2046,30.74019002
2046.5,30.73007479
2047,30.69972909
2047.5,30.69972909
2048,30.66938339
2048.5,30.6390377
2049,30.64915293
2049.5,30.62892247
2050,30.608692
2050.5,30.608692
2051,30.58846154
2051.5,30.56823107
2052,30.54800061
2052.5,30.54800061
2053,30.52777015
2053.5,30.49742445
2054,30.48730922
2054.5,30.48730922
2055,30.47719399
2055.5,30.48730922
2056,30.44684829
2056.5,30.40638736
2057,30.42661783
2057.5,30.39627213
2058,30.41650259
2058.5,30.37604167
2059,30.36592643
2059.5,30.3861569
2060,30.32546551
2060.5,30.33558074
2061,30.3558112
2061.5,30.33558074
2062,30.29511981
2062.5,30.33558074
2063,30.26477411
2063.5,30.25465888
2064,30.31535027
2064.5,30.22431319
2065,30.24454365
2065.5,30.25465888
2066,30.24454365
2066.5,30.20408272
2067,30.21419795
2067.5,30.20408272
2068,30.18385226
2068.5,30.18385226
2069,30.18385226
2069.5,30.15350656
2070,30.14339133
2070.5,30.11304563
2071,30.12316087
2071.5,30.11304563
2072,30.08269994
2072.5,30.1029304
2073,30.1029304
2073.5,30.06246947
2074,30.05235424
2074.5,30.07258471
2075,30.04223901
2075.5,30.04223901
2076,30.03212378
2076.5,30.03212378
2077,30.02200855
2077.5,29.98154762
2078,30.00177808
2078.5,29.98154762
2079,29.97143239
2079.5,29.97143239
2080,29.96131716
2080.5,29.94108669
2081,29.8803953
2081.5,29.93097146
2082,29.910741
2082.5,29.93097146
2083,29.90062576
2083.5,29.8803953
2084,29.89051053
2084.5,29.8803953
2085,29.89051053
2085.5,29.89051053
2086,29.8500496
2086.5,29.86016484
2087,29.83993437
2087.5,29.81970391
2088,29.8500496
2088.5,29.81970391
2089,29.82981914
2089.5,29.81970391
2090,29.79947344
2090.5,29.80958868
2091,29.78935821
2091.5,29.76912775
2092,29.75901252
2092.5,29.78935821
2093,29.75901252
2093.5,29.73878205
2094,29.75901252
2094.5,29.74889728
2095,29.73878205
2095.5,29.73878205
2096,29.73878205
2096.5,29.70843636
2097,29.69832112
2097.5,29.69832112
2098,29.69832112
2098.5,29.68820589
2099,29.68820589
2099.5,29.68820589
2100,29.6578602
2100.5,29.63762973
2101,29.66797543
2101.5,29.64774496
2102,29.61739927
2102.5,29.63762973
2103,29.64774496
2103.5,29.6275145
2104,29.5971688
2104.5,29.61739927
2105,29.61739927
2105.5,29.5971688
2106,29.57693834
2106.5,29.60728404
2107,29.58705357
2107.5,29.57693834
2108,29.56682311
2108.5,29.57693834
2109,29.54659264
2109.5,29.57693834
2110,29.54659264
2110.5,29.54659264
2111,29.53647741
2111.5,29.53647741
2112,29.51624695
2112.5,29.50613172
2113,29.51624695
2113.5,29.49601648
2114,29.50613172
2114.5,29.48590125
2115,29.49601648
2115.5,29.47578602
2116,29.47578602
2116.5,29.44544032
2117,29.46567079
2117.5,29.45555556
2118,29.46567079
2118.5,29.45555556
2119,29.43532509
2119.5,29.45555556
2120,29.42520986
2120.5,29.42520986
2121,29.43532509
2121.5,29.41509463
2122,29.4049794
2122.5,29.41509463
2123,29.41509463
2123.5,29.39486416
2124,29.38474893
2124.5,29.36451847
2125,29.38474893
2125.5,29.39486416
2126,29.38474893
2126.5,29.3746337
2127,29.38474893
2127.5,29.36451847
2128,29.35440324
2128.5,29.36451847
2129,29.32405754
2129.5,29.344288
2130,29.344288
2130.5,29.344288
2131,29.33417277
2131.5,29.32405754
2132,29.30382708
2132.5,29.31394231
2133,29.31394231
2133.5,29.29371184
2134,29.35440324
2134.5,29.30382708
2135,29.27348138
2135.5,29.29371184
2136,29.28359661
2136.5,29.28359661
2137,29.28359661
2137.5,29.27348138
2138,29.26336615
2138.5,29.26336615
2139,29.25325092
2139.5,29.24313568
2140,29.28359661
2140.5,29.22290522
2141,29.24313568
2141.5,29.24313568
2142,29.25325092
2142.5,29.23302045
2143,29.21278999
2143.5,29.22290522
2144,29.20267476
2144.5,29.21278999
2145,29.20267476
2145.5,29.20267476
2146,29.18244429
2146.5,29.21278999
2147,29.18244429
2147.5,29.18244429
2148,29.21278999
2148.5,29.20267476
2149,29.18244429
2149.5,29.18244429
2150,29.20267476
2150.5,29.19255952
2151,29.17232906
2151.5,29.17232906
2152,29.17232906
2152.5,29.16221383
2153,29.16221383
2153.5,29.14198336
2154,29.17232906
2154.5,29.13186813
2155,29.1520986
2155.5,29.16221383
2156,29.13186813
2156.5,29.16221383
2157,29.13186813
2157.5,29.14198336
2158,29.1217529
2158.5,29.14198336
2159,29.13186813
2159.5,29.06106151
2160,29.1217529
2160.5,29.0914072
2161,29.11163767
2161.5,29.10152244
2162,29.08129197
2162.5,29.10152244
2163,29.11163767
2163.5,29.10152244
2164,29.08129197
2164.5,29.0914072
2165,29.0914072
2165.5,29.08129197
2166,29.08129197
2166.5,29.08129197
2167,29.10152244
2167.5,29.06106151
2168,29.07117674
2168.5,29.07117674
2169,29.08129197
2169.5,29.06106151
2170,29.07117674
2170.5,29.06106151
2171,29.0914072
2171.5,29.06106151
2172,29.06106151
2172.5,29.06106151
2173,29.07117674
2173.5,29.03071581
2174,29.05094628
2174.5,29.03071581
2175,29.03071581
2175.5,29.02060058
2176,29.02060058
2176.5,29.03071581
2177,29.04083104
2177.5,29.02060058
2178,29.05094628
2178.5,29.02060058
2179,29.02060058
2179.5,29.02060058
2180,29.06106151
2180.5,28.98013965
2181,29.02060058
2181.5,29.02060058
2182,29.04083104
2182.5,29.03071581
2183,29.01048535
2183.5,29.01048535
2184,29.03071581
2184.5,29.00037012
2185,29.01048535
2185.5,29.03071581
2186,28.98013965
2186.5,29.00037012
2187,29.01048535
2187.5,29.00037012
2188,29.02060058
2188.5,29.00037012
2189,29.00037012
2189.5,28.99025488
2190,29.00037012
2190.5,28.98013965
2191,28.99025488
2191.5,28.98013965
2192,28.95990919
2192.5,29.00037012
2193,28.99025488
2193.5,28.97002442
2194,28.99025488
2194.5,28.97002442
2195,28.97002442
2195.5,28.97002442
2196,28.98013965
2196.5,28.93967872
2197,28.97002442
2197.5,28.98013965
2198,28.97002442
2198.5,28.95990919
2199,28.97002442
2199.5,28.95990919
2200,28.97002442
2200.5,28.95990919
2201,28.94979396
2201.5,28.97002442
2202,28.97002442
2202.5,28.98013965
2203,28.94979396
2203.5,28.98013965
2204,28.93967872
2204.5,28.94979396
2205,28.94979396
2205.5,28.94979396
2206,28.94979396
2206.5,28.94979396
2207,28.92956349
2207.5,28.93967872
2208,28.93967872
2208.5,28.94979396
2209,28.93967872
2209.5,28.94979396
2210,28.92956349
2210.5,28.91944826
2211,28.94979396
2211.5,28.93967872
2212,28.93967872
2212.5,28.99025488
2213,28.91944826
2213.5,28.92956349
2214,28.92956349
2214.5,28.91944826
2215,28.91944826
2215.5,28.92956349
2216,28.91944826
2216.5,28.91944826
2217,28.91944826
2217.5,28.8992178
2218,28.8992178
2218.5,28.93967872
2219,28.90933303
2219.5,28.93967872
2220,28.91944826
2220.5,28.93967872
2221,28.91944826
2221.5,28.8992178
2222,28.91944826
2222.5,28.95990919
2223,28.90933303
2223.5,28.91944826
2224,28.90933303
2224.5,28.91944826
2225,28.91944826
2225.5,28.90933303
2226,28.91944826
2226.5,28.90933303
2227,28.90933303
2227.5,28.8992178
2228,28.8992178
2228.5,28.90933303
2229,28.90933303
2229.5,28.8992178
2230,28.8992178
2230.5,28.90933303
2231,28.91944826
2231.5,28.88910256
2232,28.87898733
2232.5,28.90933303
2233,28.88910256
2233.5,28.8992178
2234,28.88910256
2234.5,28.8688721
2235,28.88910256
2235.5,28.85875687
2236,28.88910256
2236.5,28.88910256
2237,28.8688721
2237.5,28.8688721
2238,28.87898733
2238.5,28.88910256
2239,28.88910256
2239.5,28.88910256
2240,28.87898733
2240.5,28.8688721
2241,28.88910256
2241.5,28.88910256
2242,28.8688721
2242.5,28.93967872
2243,28.8688721
2243.5,28.8992178
2244,28.87898733
2244.5,28.85875687
2245,28.87898733
2245.5,28.88910256
2246,28.8688721
2246.5,28.8688721
2247,28.85875687
2247.5,28.8688721
2248,28.8688721
2248.5,28.85875687
2249,28.85875687
2249.5,28.87898733
2250,28.85875687
2250.5,28.84864164
2251,28.8385264
2251.5,28.85875687
2252,28.84864164
2252.5,28.8385264
2253,28.84864164
2253.5,28.84864164
2254,28.8385264
2254.5,28.85875687
2255,28.84864164
2255.5,28.84864164
2256,28.84864164
2256.5,28.84864164
2257,28.84864164
2257.5,28.8385264
2258,28.82841117
2258.5,28.8385264
2259,28.81829594
2259.5,28.8385264
2260,28.81829594
2260.5,28.8385264
2261,28.95990919
2261.5,28.80818071
2262,28.84864164
2262.5,28.8385264
2263,28.85875687
2263.5,28.81829594
2264,28.8385264
2264.5,28.82841117
2265,28.81829594
2265.5,28.82841117
2266,28.8385264
2266.5,28.82841117
2267,28.79806548
2267.5,28.80818071
2268,28.8385264
2268.5,28.8385264
2269,28.80818071
2269.5,28.82841117
2270,28.81829594
2270.5,28.80818071
2271,28.82841117
2271.5,28.82841117
2272,28.81829594
2272.5,28.81829594
2273,28.81829594
2273.5,28.80818071
2274,28.82841117
2274.5,28.78795024
2275,28.8385264
2275.5,28.80818071
2276,28.79806548
2276.5,28.82841117
2277,28.80818071
2277.5,28.79806548
2278,28.80818071
2278.5,28.82841117
2279,28.80818071
2279.5,28.79806548
2280,28.80818071
2280.5,28.78795024
2281,28.80818071
2281.5,28.80818071
2282,28.80818071
2282.5,28.80818071
2283,28.79806548
2283.5,28.80818071
2284,28.81829594
2284.5,28.79806548
2285,28.80818071
2285.5,28.81829594
2286,28.80818071
2286.5,28.80818071
2287,28.80818071
2287.5,28.80818071
2288,28.81829594
2288.5,28.79806548
2289,28.77783501
2289.5,28.80818071
2290,28.77783501
2290.5,28.82841117
2291,28.82841117
2291.5,28.78795024
2292,28.79806548
2292.5,28.78795024
2293,28.79806548
2293.5,28.79806548
2294,28.79806548
2294.5,28.78795024
2295,28.80818071
2295.5,28.77783501
2296,28.77783501
2296.5,28.79806548
2297,28.80818071
2297.5,28.79806548
2298,28.80818071
2298.5,28.79806548
2299,28.77783501
2299.5,28.79806548
2300,28.79806548
2300.5,28.76771978
2301,28.80818071
2301.5,28.81829594
2302,28.75760455
2302.5,28.79806548
2303,28.80818071
2303.5,28.81829594
2304,28.78795024
2304.5,28.77783501
2305,28.81829594
2305.5,28.77783501
2306,28.78795024
2306.5,28.79806548
2307,28.77783501
2307.5,28.78795024
2308,28.78795024
2308.5,28.79806548
2309,28.80818071
2309.5,28.77783501
2310,28.80818071
2310.5,28.75760455
2311,28.78795024
2311.5,28.80818071
2312,28.76771978
2312.5,28.78795024
2313,28.77783501
2313.5,28.79806548
2314,28.79806548
2314.5,28.79806548
2315,28.79806548
2315.5,28.82841117
2316,28.79806548
2316.5,28.78795024
2317,28.80818071
2317.5,28.80818071
2318,28.81829594
2318.5,28.76771978
2319,28.78795024
2319.5,28.78795024
2320,28.79806548
2320.5,28.77783501
2321,28.81829594
2321.5,28.78795024
2322,28.79806548
2322.5,28.79806548
2323,28.78795024
2323.5,28.80818071
2324,28.78795024
2324.5,28.79806548
2325,28.78795024
2325.5,28.78795024
2326,28.77783501
2326.5,28.76771978
2327,28.78795024
2327.5,28.78795024
2328,28.80818071
2328.5,28.78795024
2329,28.77783501
2329.5,28.80818071
2330,28.78795024
2330.5,28.76771978
2331,28.78795024
2331.5,28.76771978
2332,28.77783501
2332.5,28.80818071
2333,28.75760455
2333.5,28.78795024
2334,28.78795024
2334.5,28.76771978
2335,28.77783501
2335.5,28.78795024
2336,28.78795024
2336.5,28.79806548
2337,28.77783501
2337.5,28.77783501
2338,28.77783501
2338.5,28.78795024
2339,28.78795024
2339.5,28.75760455
2340,28.80818071
2340.5,28.77783501
2341,28.76771978
2341.5,28.78795024
2342,28.77783501
2342.5,28.77783501
2343,28.78795024
2343.5,28.79806548
2344,28.78795024
2344.5,28.77783501
2345,28.79806548
2345.5,28.76771978
2346,28.77783501
2346.5,28.77783501
2347,28.80818071
2347.5,28.77783501
2348,28.77783501
2348.5,28.78795024
2349,28.76771978
2349.5,28.77783501
2350,28.75760455
2350.5,28.80818071
2351,28.75760455
2351.5,28.76771978
2352,28.78795024
2352.5,28.77783501
2353,28.77783501
2353.5,28.77783501
2354,28.78795024
2354.5,28.75760455
2355,28.77783501
2355.5,28.77783501
2356,28.77783501
2356.5,28.77783501
2357,28.75760455
2357.5,28.74748932
2358,28.80818071
2358.5,28.77783501
2359,28.74748932
2359.5,28.78795024
2360,28.75760455
2360.5,28.79806548
2361,28.77783501
2361.5,28.77783501
2362,28.77783501
2362.5,28.80818071
2363,28.75760455
2363.5,28.77783501
2364,28.77783501
2364.5,28.77783501
2365,28.75760455
2365.5,28.78795024
2366,28.74748932
2366.5,28.76771978
2367,28.77783501
2367.5,28.76771978
2368,28.77783501
2368.5,28.77783501
2369,28.76771978
2369.5,28.74748932
2370,28.77783501
2370.5,28.75760455
2371,28.77783501
2371.5,28.74748932
2372,28.73737408
2372.5,28.75760455
2373,28.75760455
2373.5,28.75760455
2374,28.74748932
2374.5,28.76771978
2375,28.73737408
2375.5,28.76771978
2376,28.75760455
2376.5,28.75760455
2377,28.77783501
2377.5,28.76771978
2378,28.76771978
2378.5,28.76771978
2379,28.74748932
2379.5,28.76771978
2380,28.74748932
2380.5,28.74748932
2381,28.82841117
2381.5,28.74748932
2382,28.77783501
2382.5,28.71714362
2383,28.74748932
2383.5,28.76771978
2384,28.76771978
2384.5,28.75760455
2385,28.74748932
2385.5,28.74748932
2386,28.72725885
2386.5,28.76771978
2387,28.72725885
2387.5,28.72725885
2388,28.75760455
2388.5,28.74748932
2389,28.73737408
2389.5,28.77783501
2390,28.74748932
2390.5,28.74748932
2391,28.76771978
2391.5,28.74748932
2392,28.77783501
2392.5,28.74748932
2393,28.74748932
2393.5,28.73737408
2394,28.73737408
2394.5,28.72725885
2395,28.75760455
2395.5,28.74748932
2396,28.74748932
2396.5,28.74748932
2397,28.75760455
2397.5,28.72725885
2398,28.75760455
2398.5,28.75760455
2399,28.73737408
2399.5,28.81829594
2400,28.75760455
2400.5,28.73737408
2401,28.72725885
2401.5,28.73737408
2402,28.73737408
2402.5,28.74748932
2403,28.72725885
2403.5,28.73737408
2404,28.73737408
2404.5,28.75760455
2405,28.75760455
2405.5,28.75760455
2406,28.77783501
2406.5,28.77783501
2407,28.77783501
2407.5,28.75760455
2408,28.76771978
2408.5,28.74748932
2409,28.73737408
2409.5,28.76771978
2410,28.75760455
2410.5,28.75760455
2411,28.75760455
2411.5,28.74748932
2412,28.75760455
2412.5,28.76771978
2413,28.74748932
2413.5,28.72725885
2414,28.74748932
2414.5,28.74748932
2415,28.74748932
2415.5,28.71714362
2416,28.72725885
2416.5,28.74748932
2417,28.74748932
2417.5,28.74748932
2418,28.73737408
2418.5,28.73737408
2419,28.73737408
2419.5,28.73737408
2420,28.74748932
2420.5,28.75760455
2421,28.75760455
2421.5,28.74748932
2422,28.77783501
2422.5,28.74748932
2423,28.76771978
2423.5,28.76771978
2424,28.76771978
2424.5,28.76771978
2425,28.74748932
2425.5,28.74748932
2426,28.73737408
2426.5,28.74748932
2427,28.73737408
2427.5,28.73737408
2428,28.76771978
2428.5,28.74748932
2429,28.75760455
2429.5,28.78795024
2430,28.77783501
2430.5,28.75760455
2431,28.75760455
2431.5,28.75760455
2432,28.75760455
2432.5,28.75760455
2433,28.73737408
2433.5,28.73737408
2434,28.74748932
2434.5,28.73737408
2435,28.75760455
2435.5,28.76771978
2436,28.75760455
2436.5,27.95850122
2437,25.54096078
2437.5,22.61765873
2438,20.25069444
2438.5,21.24198718
2439,21.43417659
2439.5,21.30267857
2440,21.30267857
2440.5,21.3127938
2441,21.26221764
2441.5,21.32290904
2442,21.29256334
2442.5,21.29256334
2443,21.28244811
2443.5,21.30267857
2444,21.30267857
2444.5,21.29256334
2445,21.3127938
2445.5,21.28244811
2446,21.3127938
2446.5,21.29256334
2447,21.27233288
2447.5,21.30267857
2448,21.30267857
2448.5,21.30267857
2449,21.28244811
2449.5,21.32290904
2450,21.28244811
2450.5,21.28244811
2451,21.3127938
2451.5,21.28244811
2452,21.30267857
2452.5,21.29256334
2453,21.28244811
2453.5,21.28244811
2454,21.29256334
2454.5,21.26221764
2455,21.27233288
2455.5,21.25210241
2456,21.25210241
2456.5,21.25210241
2457,21.26221764
2457.5,21.22175672
2458,21.25210241
2458.5,21.25210241
2459,21.24198718
2459.5,21.29256334
2460,21.24198718
2460.5,21.22175672
2461,21.21164148
2461.5,21.20152625
2462,21.21164148
2462.5,21.21164148
2463,21.22175672
2463.5,21.16106532
2464,21.19141102
2464.5,21.22175672
2465,21.17118056
2465.5,21.17118056
2466,21.15095009
2466.5,21.18129579
2467,21.18129579
2467.5,21.16106532
2468,21.15095009
2468.5,21.15095009
2469,21.14083486
2469.5,21.15095009
2470,21.13071963
2470.5,21.14083486
2471,21.1206044
2471.5,21.1206044
2472,21.1206044
2472.5,21.1206044
2473,21.11048916
2473.5,21.059913
2474,21.10037393
2474.5,21.10037393
2475,21.1206044
2475.5,21.059913
2476,21.04979777
2476.5,21.07002824
2477,21.52521368
2477.5,24.38782433
2478,26.69409722
2478.5,28.34288004
2479,29.67809066
2479.5,30.31535027
2480,31.13468407
2480.5,31.41791056
2481,32.09563111
2481.5,32.1563225
2482,32.50024038
2482.5,32.78346688
2483,32.96554106
2483.5,33.14761523
2484,33.32968941
2484.5,33.48141789
2485,33.60280067
2485.5,33.74441392
2486,33.82533578
2486.5,33.90625763
2487,33.94671856
2487.5,33.98717949
2488,34.01752518
2488.5,33.99729472
2489,33.99729472
2489.5,34.00740995
2490,33.96694902
2490.5,33.90625763
2491,33.87591194
2491.5,33.84556624
2492,33.80510531
2492.5,33.74441392
2493,33.68372253
2493.5,33.65337683
2494,33.58257021
2494.5,33.56233974
2495,33.45107219
2495.5,33.45107219
2496,33.3903808
2496.5,33.33980464
2497,33.26899802
2497.5,33.22853709
2498,33.17796093
2498.5,33.11726954
2499,33.04646291
2499.5,32.99588675
2500,32.95542582
2500.5,32.90484966
2501,32.83404304
2501.5,32.77335165
2502,32.75312118
2502.5,32.68231456
2503,32.65196886
2503.5,32.59127747
2504,32.55081654
2504.5,32.49012515
2505,32.46989469
2505.5,32.3788576
2506,32.32828144
2506.5,32.28782051
2507,32.22712912
2507.5,32.18666819
2508,32.13609203
2508.5,32.08551587
2509,32.03493971
2509.5,32.01470925
2510,31.98436355
2510.5,31.92367216
2511,31.89332647
2511.5,31.85286554
2512,31.80228938
2512.5,31.75171322
2513,31.72136752
2513.5,31.69102183
2514,31.6505609
2514.5,31.59998474
2515,31.53929335
2515.5,31.53929335
2516,31.48871719
2516.5,31.44825626
2517,31.42802579
2517.5,31.3673344
2518,31.34710394
2518.5,31.34710394
2519,31.27629731
2519.5,31.26618208
2520,31.21560592
2520.5,31.19537546
2521,31.16502976
2521.5,31.12456883
2522,31.09422314
2522.5,31.06387744
2523,31.04364698
2523.5,31.00318605
2524,30.99307082
2524.5,30.92226419
2525,30.94249466
2525.5,30.88180327
2526,30.8919185
2526.5,30.85145757
2527,30.84134234
2527.5,30.79076618
2528,30.78065095
2528.5,30.71995955
2529,30.70984432
2529.5,30.68961386
2530,30.66938339
2530.5,30.65926816
2531,30.61880723
2531.5,30.61880723
2532,30.57834631
2532.5,30.56823107
2533,30.54800061
2533.5,30.48730922
2534,30.48730922
2534.5,30.46707875
2535,30.46707875
2535.5,30.42661783
2536,30.39627213
2536.5,30.39627213
2537,30.37604167
2537.5,30.34569597
